-- phpMyAdmin SQL Dump
-- version 5.0.4
-- https://www.phpmyadmin.net/
--
-- Host: 127.0.0.1
-- Generation Time: Aug 15, 2021 at 02:32 AM
-- Server version: 10.4.17-MariaDB
-- PHP Version: 8.0.2

SET SQL_MODE = "NO_AUTO_VALUE_ON_ZERO";
START TRANSACTION;
SET time_zone = "+00:00";


/*!40101 SET @OLD_CHARACTER_SET_CLIENT=@@CHARACTER_SET_CLIENT */;
/*!40101 SET @OLD_CHARACTER_SET_RESULTS=@@CHARACTER_SET_RESULTS */;
/*!40101 SET @OLD_COLLATION_CONNECTION=@@COLLATION_CONNECTION */;
/*!40101 SET NAMES utf8mb4 */;

--
-- Database: `downloadha`
--

-- --------------------------------------------------------

--
-- Table structure for table `addresses`
--

CREATE TABLE `addresses` (
  `id` bigint(20) UNSIGNED NOT NULL,
  `user_id` bigint(20) UNSIGNED NOT NULL,
  `state` varchar(255) COLLATE utf8mb4_unicode_ci NOT NULL,
  `city` varchar(255) COLLATE utf8mb4_unicode_ci NOT NULL,
  `address` varchar(255) COLLATE utf8mb4_unicode_ci NOT NULL,
  `phone` varchar(255) COLLATE utf8mb4_unicode_ci NOT NULL,
  `cellphone_number` varchar(255) COLLATE utf8mb4_unicode_ci NOT NULL,
  `created_at` timestamp NULL DEFAULT NULL,
  `updated_at` timestamp NULL DEFAULT NULL
) ENGINE=InnoDB DEFAULT CHARSET=utf8mb4 COLLATE=utf8mb4_unicode_ci;

--
-- Dumping data for table `addresses`
--

INSERT INTO `addresses` (`id`, `user_id`, `state`, `city`, `address`, `phone`, `cellphone_number`, `created_at`, `updated_at`) VALUES
(5, 1, 'تهران', 'تهران', 'میدان بهاران - خ سجاد جنوبی - خ زاهد - ک میر باقری - پ 12 - واحد 5', '02155172616', '09390091350', '2021-07-30 12:45:15', '2021-08-09 13:37:20');

-- --------------------------------------------------------

--
-- Table structure for table `attributes`
--

CREATE TABLE `attributes` (
  `id` bigint(20) UNSIGNED NOT NULL,
  `name` varchar(255) COLLATE utf8mb4_unicode_ci NOT NULL,
  `created_at` timestamp NULL DEFAULT NULL,
  `updated_at` timestamp NULL DEFAULT NULL
) ENGINE=InnoDB DEFAULT CHARSET=utf8mb4 COLLATE=utf8mb4_unicode_ci;

--
-- Dumping data for table `attributes`
--

INSERT INTO `attributes` (`id`, `name`, `created_at`, `updated_at`) VALUES
(1, 'رنگ', '2021-07-26 12:02:34', '2021-07-26 12:02:34'),
(2, 'جنس', '2021-07-26 12:02:34', '2021-07-26 12:02:34'),
(3, 'وزن', '2021-07-26 12:02:34', '2021-07-26 12:02:34'),
(4, 'حافظه', '2021-07-27 12:22:43', '2021-07-27 12:22:43'),
(5, 'پلتفرم', '2021-07-28 11:38:22', '2021-07-28 11:38:22');

-- --------------------------------------------------------

--
-- Table structure for table `attribute_product`
--

CREATE TABLE `attribute_product` (
  `product_id` bigint(20) UNSIGNED NOT NULL,
  `attribute_id` bigint(20) UNSIGNED NOT NULL,
  `value_id` bigint(20) UNSIGNED NOT NULL
) ENGINE=InnoDB DEFAULT CHARSET=utf8mb4 COLLATE=utf8mb4_unicode_ci;

--
-- Dumping data for table `attribute_product`
--

INSERT INTO `attribute_product` (`product_id`, `attribute_id`, `value_id`) VALUES
(16, 1, 1),
(16, 1, 4),
(16, 5, 8),
(17, 1, 4),
(17, 5, 8);

-- --------------------------------------------------------

--
-- Table structure for table `attribute_values`
--

CREATE TABLE `attribute_values` (
  `id` bigint(20) UNSIGNED NOT NULL,
  `attribute_id` bigint(20) UNSIGNED NOT NULL,
  `value` varchar(255) COLLATE utf8mb4_unicode_ci NOT NULL,
  `created_at` timestamp NULL DEFAULT NULL,
  `updated_at` timestamp NULL DEFAULT NULL
) ENGINE=InnoDB DEFAULT CHARSET=utf8mb4 COLLATE=utf8mb4_unicode_ci;

--
-- Dumping data for table `attribute_values`
--

INSERT INTO `attribute_values` (`id`, `attribute_id`, `value`, `created_at`, `updated_at`) VALUES
(1, 1, 'blue', '2021-07-26 12:02:34', '2021-07-26 12:02:34'),
(2, 2, 'ابریشمی', '2021-07-26 12:02:34', '2021-07-26 12:02:34'),
(3, 3, '200 گرم', '2021-07-26 12:02:34', '2021-07-26 12:02:34'),
(4, 1, 'yellow', '2021-07-27 12:22:43', '2021-07-27 12:22:43'),
(5, 2, 'پلاستیک', '2021-07-27 12:22:43', '2021-07-27 12:22:43'),
(6, 4, '32گیگ', '2021-07-27 12:22:43', '2021-07-27 12:22:43'),
(7, 3, '300گرم', '2021-07-27 12:24:39', '2021-07-27 12:24:39'),
(8, 5, 'ps4', '2021-07-28 11:38:22', '2021-07-28 11:38:22');

-- --------------------------------------------------------

--
-- Table structure for table `categories`
--

CREATE TABLE `categories` (
  `id` bigint(20) UNSIGNED NOT NULL,
  `name` varchar(255) COLLATE utf8mb4_unicode_ci NOT NULL,
  `parent_id` bigint(20) UNSIGNED NOT NULL DEFAULT 0,
  `created_at` timestamp NULL DEFAULT NULL,
  `updated_at` timestamp NULL DEFAULT NULL
) ENGINE=InnoDB DEFAULT CHARSET=utf8mb4 COLLATE=utf8mb4_unicode_ci;

--
-- Dumping data for table `categories`
--

INSERT INTO `categories` (`id`, `name`, `parent_id`, `created_at`, `updated_at`) VALUES
(2, 'سیستم عامل', 0, '2021-06-19 05:36:11', '2021-06-19 05:36:11'),
(3, 'سیستم عامل ویندوز', 2, '2021-06-19 05:36:11', '2021-06-19 05:36:11'),
(4, 'نرم افزارهای لینوکس', 2, '2021-06-19 05:36:11', '2021-06-19 05:36:11'),
(5, 'نرم افزارهای مک', 2, '2021-06-19 05:36:11', '2021-06-19 05:36:11'),
(6, 'نرم افزار اینترنت', 0, '2021-06-19 05:36:11', '2021-06-19 05:36:11'),
(7, 'نرم افزار مدیریت دانلود', 6, '2021-06-19 05:36:11', '2021-06-19 06:00:50'),
(8, 'نرم افزار اف تی پی', 6, '2021-06-19 05:36:11', '2021-06-19 06:00:50'),
(9, 'نرم افزار مرورگر وب', 6, '2021-06-19 05:36:11', '2021-06-19 06:00:50'),
(10, 'نرم افزار مسنجر', 6, '2021-06-19 05:36:11', '2021-06-19 06:00:50'),
(11, 'ابزار اینترنت', 6, '2021-06-19 05:36:11', '2021-06-19 06:00:50'),
(12, 'اشتراک گذاری', 6, '2021-06-19 05:36:11', '2021-06-19 06:00:50'),
(13, 'طراحی وب', 6, '2021-06-19 05:36:11', '2021-06-19 06:00:50'),
(14, 'مدیریت شبکه', 6, '2021-06-19 05:36:11', '2021-06-19 06:00:50'),
(15, 'نرم افزار امنیتی', 0, '2021-06-19 05:36:11', '2021-06-19 05:36:11'),
(16, 'نرم افزار دیوار آتش', 15, '2021-06-19 05:36:11', '2021-06-19 05:36:11'),
(17, 'نرم افزار آنتی ویروس', 15, '2021-06-19 05:36:11', '2021-06-19 05:36:11'),
(18, 'ابزار قفل گذاری و امنیتی', 15, '2021-06-19 05:36:11', '2021-06-19 05:36:11'),
(19, 'نرم افزار مالتی مدیا', 0, '2021-06-19 05:36:11', '2021-06-19 05:36:11'),
(20, 'نرم افزار پخش کننده', 19, '2021-06-19 05:36:11', '2021-06-19 05:36:11'),
(21, 'نرم افزار مبدل', 19, '2021-06-19 05:36:11', '2021-06-19 05:36:11'),
(22, 'ویرایشگر صوت و تصویر', 19, '2021-06-19 05:36:11', '2021-06-19 05:36:11'),
(23, 'سایر نرم افزار ها', 0, '2021-06-19 05:36:11', '2021-06-19 05:36:11'),
(24, 'تم ویندوز', 23, '2021-06-19 05:36:11', '2021-06-19 05:36:11'),
(25, 'محافظ صفحه ویندوز', 23, '2021-06-19 05:36:11', '2021-06-19 05:36:11'),
(26, 'اخبار سایت', 23, '2021-06-19 05:36:11', '2021-06-19 05:36:11'),
(27, 'ضمیمه روزنامه ها', 23, '2021-06-19 05:36:11', '2021-06-19 05:36:11'),
(28, 'نرم افزار گرافیک', 0, '2021-06-19 05:36:11', '2021-06-19 05:36:11'),
(29, 'نرم افزار طراحی', 28, '2021-06-19 05:36:11', '2021-06-19 05:36:11'),
(30, 'نرم افزار تبدیل کننده', 28, '2021-06-19 05:36:11', '2021-06-19 05:36:11'),
(31, 'نرم افزار ویرایشگر', 28, '2021-06-19 05:36:11', '2021-06-19 05:36:11'),
(32, 'نرم افزار کاربردی', 0, '2021-06-19 05:36:11', '2021-06-19 05:36:11'),
(33, 'فشرده ساز', 32, '2021-06-19 05:36:11', '2021-06-19 05:52:43'),
(34, 'کتاب الکترونیک', 32, '2021-06-19 05:36:11', '2021-06-19 05:52:43'),
(35, 'برنامه نویسی', 32, '2021-06-19 05:36:11', '2021-06-19 05:52:43'),
(36, 'آفیس', 32, '2021-06-19 05:36:11', '2021-06-19 05:52:43'),
(37, 'مهندسی', 32, '2021-06-19 05:36:11', '2021-06-19 05:52:43'),
(38, 'بازیابی اطلاعات', 32, '2021-06-19 05:36:11', '2021-06-19 05:52:43'),
(39, 'نرم افزار فارسی', 32, '2021-06-19 05:36:11', '2021-06-19 05:52:43'),
(40, 'سخت افزار', 32, '2021-06-19 05:36:11', '2021-06-19 05:52:43'),
(41, 'دیکشنری', 32, '2021-06-19 05:36:11', '2021-06-19 05:52:43'),
(42, 'نرم افزار رایت', 32, '2021-06-19 05:36:11', '2021-06-19 05:52:43'),
(43, 'دسکتاپ', 32, '2021-06-19 05:36:11', '2021-06-19 05:52:43'),
(44, 'تبدیل کننده', 32, '2021-06-19 05:36:11', '2021-06-19 05:52:43'),
(45, 'پشتیبان گیری', 32, '2021-06-19 05:36:11', '2021-06-19 05:52:43'),
(46, 'آموزشی', 32, '2021-06-19 05:36:11', '2021-06-19 05:52:43'),
(47, 'بهینه سازی', 32, '2021-06-19 05:36:11', '2021-06-19 05:52:43'),
(48, 'حذف برنامه', 32, '2021-06-19 05:36:11', '2021-06-19 05:52:43'),
(49, 'درایور', 32, '2021-06-19 05:36:11', '2021-06-19 05:52:43'),
(50, 'ابزار هارد دیسک', 32, '2021-06-19 05:36:11', '2021-06-19 05:52:43'),
(51, 'کاربردی', 181, '2021-06-19 05:36:11', '2021-06-19 05:55:22'),
(52, 'اینترنت', 181, '2021-06-19 05:36:11', '2021-06-19 05:55:22'),
(53, 'مسنجر و پیغام رسان', 181, '2021-06-19 05:36:11', '2021-06-19 05:55:22'),
(54, 'مکان یاب و GPS', 181, '2021-06-19 05:36:11', '2021-06-19 05:55:22'),
(55, 'وضعیت آب و هوا', 181, '2021-06-19 05:36:11', '2021-06-19 05:55:22'),
(56, 'مرورگر اینترنت', 181, '2021-06-19 05:36:11', '2021-06-19 05:55:22'),
(57, 'ویرایش عکس', 181, '2021-06-19 05:36:11', '2021-06-19 05:55:22'),
(58, 'ویرایش فیلم', 181, '2021-06-19 05:36:11', '2021-06-19 05:55:22'),
(59, 'دیکشنری اندروید', 181, '2021-06-19 05:36:11', '2021-08-12 22:24:12'),
(60, 'پخش موزیک و فیلم', 181, '2021-06-19 05:36:11', '2021-06-19 05:55:22'),
(61, 'ضبط تماس', 181, '2021-06-19 05:36:11', '2021-06-19 05:55:22'),
(62, 'ابزارها', 181, '2021-06-19 05:36:11', '2021-06-19 05:55:22'),
(63, 'پزشکی و سلامت', 181, '2021-06-19 05:36:11', '2021-06-19 05:55:22'),
(64, 'آنتی ویروس', 181, '2021-06-19 05:36:11', '2021-06-19 05:55:22'),
(65, 'آموزشی', 181, '2021-06-19 05:36:11', '2021-06-19 05:55:22'),
(66, 'ارسال پیامک', 181, '2021-06-19 05:36:11', '2021-06-19 05:55:22'),
(67, 'مدیریت فایل', 181, '2021-06-19 05:36:11', '2021-06-19 05:55:22'),
(68, 'بهینه ساز', 181, '2021-06-19 05:36:11', '2021-06-19 05:55:22'),
(69, 'آفیس اندروید', 181, '2021-06-19 05:36:11', '2021-06-19 05:55:22'),
(70, 'همراه بانک', 181, '2021-06-19 05:36:11', '2021-06-19 05:55:22'),
(71, 'بازی اندروید', 0, '2021-06-19 05:36:11', '2021-06-19 05:36:11'),
(72, 'اکشن اندروید', 71, '2021-06-19 05:36:11', '2021-06-19 05:50:51'),
(73, 'ماجراجویی اندروید', 71, '2021-06-19 05:36:11', '2021-06-19 05:50:51'),
(74, 'ماشین سواری اندروید', 71, '2021-06-19 05:36:11', '2021-06-19 05:50:51'),
(75, 'ورزشی اندروید', 71, '2021-06-19 05:36:11', '2021-06-19 05:50:51'),
(76, 'استراتژیک اندروید', 71, '2021-06-19 05:36:11', '2021-06-19 05:50:51'),
(77, 'مالتی پلیر اندروید', 71, '2021-06-19 05:36:11', '2021-06-19 05:50:51'),
(78, 'شبیه سازی اندروید', 71, '2021-06-19 05:36:11', '2021-06-19 05:50:51'),
(79, 'نقش آفرینی اندروید', 71, '2021-06-19 05:36:11', '2021-06-19 05:50:51'),
(80, 'اول شخص اندروید', 71, '2021-06-19 05:36:11', '2021-06-19 05:50:51'),
(81, 'سوم شخص اندروید', 71, '2021-06-19 05:36:11', '2021-06-19 05:50:51'),
(82, 'فکری و معمایی اندروید', 71, '2021-06-19 05:36:11', '2021-06-19 05:50:51'),
(83, 'کودکان اندروید', 71, '2021-06-19 05:36:11', '2021-06-19 05:50:51'),
(84, 'آرکید اندروید', 71, '2021-06-19 05:36:11', '2021-06-19 05:50:51'),
(85, 'کژوال اندروید', 71, '2021-06-19 05:36:11', '2021-06-19 05:50:51'),
(86, 'سایر سیستم عامل ها', 0, '2021-06-19 05:36:11', '2021-06-19 05:36:11'),
(87, 'نرم افزار آیفون', 86, '2021-06-19 05:36:11', '2021-06-19 05:36:11'),
(88, 'بازی آیفون', 86, '2021-06-19 05:36:11', '2021-06-19 05:36:11'),
(89, 'مالتی مدیا', 0, '2021-06-19 05:36:11', '2021-06-19 05:36:11'),
(90, 'آهنگ و زنگ موبایل', 89, '2021-06-19 05:36:11', '2021-06-19 05:36:11'),
(91, 'کلیپ تصویری', 89, '2021-06-19 05:36:11', '2021-06-19 05:36:11'),
(92, 'بازی کامپیوتر', 0, '2021-06-19 05:36:11', '2021-06-19 05:36:11'),
(93, 'شبیه سازی', 92, '2021-06-19 05:36:11', '2021-06-19 05:49:11'),
(94, 'بازی آنلاین رایگان', 92, '2021-06-19 05:36:11', '2021-06-19 05:49:11'),
(95, 'کژوال', 92, '2021-06-19 05:36:11', '2021-06-19 05:49:11'),
(96, 'ایندی', 92, '2021-06-19 05:36:11', '2021-06-19 05:49:11'),
(97, 'نقش آفرینی', 92, '2021-06-19 05:36:11', '2021-06-19 05:49:11'),
(98, 'جهان آزاد', 92, '2021-06-19 05:36:11', '2021-06-19 05:49:11'),
(99, 'مخفی کاری', 92, '2021-06-19 05:36:11', '2021-06-19 05:49:11'),
(100, 'پارکور', 92, '2021-06-19 05:36:11', '2021-06-19 05:49:11'),
(101, 'ترسناک', 92, '2021-06-19 05:36:11', '2021-06-19 05:49:11'),
(102, 'تلاش برای بقا', 92, '2021-06-19 05:36:11', '2021-06-19 05:49:11'),
(103, 'خشونت آمیز', 92, '2021-06-19 05:36:11', '2021-06-19 05:49:11'),
(104, 'اول شخص', 92, '2021-06-19 05:36:11', '2021-06-19 05:49:11'),
(105, 'سوم شخص', 92, '2021-06-19 05:36:11', '2021-06-19 05:49:11'),
(106, 'شوتر', 92, '2021-06-19 05:36:11', '2021-06-19 05:49:11'),
(107, 'پلتفرمر', 92, '2021-06-19 05:36:11', '2021-06-19 05:49:11'),
(108, 'معمایی', 92, '2021-06-19 05:36:11', '2021-06-19 05:49:11'),
(109, 'آرکید', 92, '2021-06-19 05:36:11', '2021-06-19 05:49:11'),
(110, 'فانتزی', 92, '2021-06-19 05:36:11', '2021-06-19 05:49:11'),
(111, 'بازی اکشن', 92, '2021-06-19 05:36:11', '2021-06-19 05:49:11'),
(112, 'بازی ماجرایی', 92, '2021-06-19 05:36:11', '2021-06-19 05:49:11'),
(113, 'بازی ماشین سواری', 92, '2021-06-19 05:36:11', '2021-06-19 05:49:11'),
(114, 'بازی فلش', 92, '2021-06-19 05:36:11', '2021-06-19 05:49:11'),
(115, 'بازی فکری', 92, '2021-06-19 05:36:11', '2021-06-19 05:49:11'),
(116, 'بازی ورزشی', 92, '2021-06-19 05:36:11', '2021-06-19 05:49:11'),
(117, 'بازی استراتژیک', 92, '2021-06-19 05:36:11', '2021-06-19 05:49:11'),
(118, 'بازی کودکان', 92, '2021-06-19 05:36:11', '2021-06-19 05:49:11'),
(119, 'بازی سایر سیستم عامل ها', 0, '2021-06-19 05:36:11', '2021-06-19 05:36:11'),
(120, 'بازی سیستم عامل لینوکس', 119, '2021-06-19 05:36:11', '2021-06-19 05:36:11'),
(121, 'بازی سیستم عامل مک', 119, '2021-06-19 05:36:11', '2021-06-19 05:36:11'),
(122, 'بازی کنسول', 0, '2021-06-19 05:36:11', '2021-06-19 05:36:11'),
(123, 'بازی PS4', 122, '2021-06-19 05:36:11', '2021-06-19 05:46:15'),
(124, 'بازی PSVR', 122, '2021-06-19 05:36:11', '2021-06-19 05:46:15'),
(125, 'بازی PS3', 122, '2021-06-19 05:36:11', '2021-06-19 05:46:15'),
(126, 'بازی Xbox 360', 122, '2021-06-19 05:36:11', '2021-06-19 05:46:15'),
(127, 'بازی PSP', 122, '2021-06-19 05:36:11', '2021-06-19 05:46:15'),
(128, 'صوتی', 0, '2021-06-19 05:36:11', '2021-06-19 05:36:11'),
(129, 'موسیقی متن', 128, '2021-06-19 05:36:11', '2021-06-19 05:45:32'),
(130, 'موزیک ایرانی', 128, '2021-06-19 05:36:11', '2021-06-19 05:45:32'),
(131, 'موزیک خارجی', 128, '2021-06-19 05:36:11', '2021-06-19 05:45:32'),
(132, 'موزیک بی کلام', 128, '2021-06-19 05:36:11', '2021-06-19 05:45:32'),
(133, 'مداحی', 128, '2021-06-19 05:36:11', '2021-06-19 05:45:32'),
(134, 'تصویری', 0, '2021-06-19 05:36:11', '2021-06-19 05:36:11'),
(135, 'انیمیشن', 134, '2021-06-19 05:36:11', '2021-06-19 05:44:43'),
(136, 'مستند', 134, '2021-06-19 05:36:11', '2021-06-19 05:44:43'),
(137, 'سریال ایرانی', 134, '2021-06-19 05:36:11', '2021-06-19 05:44:43'),
(138, 'سریال خارجی', 134, '2021-06-19 05:36:11', '2021-06-19 05:44:43'),
(139, 'فیلم ایرانی', 134, '2021-06-19 05:36:11', '2021-06-19 05:44:43'),
(140, 'فیلم خارجی', 134, '2021-06-19 05:36:11', '2021-06-19 05:44:43'),
(141, 'مراسم ورزشی', 134, '2021-06-19 05:36:11', '2021-06-19 05:44:43'),
(142, 'مسابقات ورزشی', 134, '2021-06-19 05:36:11', '2021-06-19 05:44:43'),
(143, 'آموزش', 0, '2021-06-19 05:36:11', '2021-06-19 05:43:19'),
(144, 'آموزش برنامه نویسی', 143, '2021-06-19 05:36:11', '2021-06-19 05:43:19'),
(145, 'آموزش طراحی وب', 143, '2021-06-19 05:36:11', '2021-06-19 05:43:19'),
(146, 'آموزش گرافیک', 143, '2021-06-19 05:36:11', '2021-06-19 05:43:19'),
(147, 'آموزش زبان', 143, '2021-06-19 05:36:11', '2021-06-19 05:43:19'),
(148, 'آموزش روانشناسی', 143, '2021-06-19 05:36:11', '2021-06-19 05:43:19'),
(149, 'آموزش ساخت بازی', 143, '2021-06-19 05:36:11', '2021-06-19 05:43:19'),
(150, 'آموزش عکاسی', 143, '2021-06-19 05:36:11', '2021-06-19 05:43:19'),
(151, 'آموزش شبکه', 143, '2021-06-19 05:36:11', '2021-06-19 05:43:19'),
(152, 'آموزش مدیریت', 143, '2021-06-19 05:36:11', '2021-06-19 05:43:19'),
(153, 'آموزش موسیقی', 143, '2021-06-19 05:36:11', '2021-06-19 05:43:19'),
(154, 'آموزش تجارت و بازاریابی', 143, '2021-06-19 05:36:11', '2021-06-19 05:43:19'),
(155, 'آموزش نرم افزار', 143, '2021-06-19 05:36:11', '2021-06-19 05:43:19'),
(156, 'سلامت', 143, '2021-06-19 05:36:11', '2021-06-19 05:43:19'),
(157, 'سایر', 143, '2021-06-19 05:36:11', '2021-06-19 05:43:19'),
(158, 'گرافیک', 0, '2021-06-19 05:36:11', '2021-06-19 05:36:11'),
(159, 'والپیپر', 158, '2021-06-19 05:36:11', '2021-06-19 05:41:17'),
(160, 'فونت', 158, '2021-06-19 05:36:11', '2021-06-19 05:41:17'),
(161, 'ابزار گرافیک', 158, '2021-06-19 05:36:11', '2021-06-19 05:41:17'),
(162, 'ابزار فتوشاپ', 0, '2021-06-19 05:36:11', '2021-06-19 05:36:11'),
(163, 'موکاپ', 162, '2021-06-19 05:36:11', '2021-06-19 05:39:47'),
(164, 'ابزار اکشن', 162, '2021-06-19 05:36:11', '2021-06-19 05:39:47'),
(165, 'براش', 162, '2021-06-19 05:36:11', '2021-06-19 05:39:47'),
(166, 'پترن', 162, '2021-06-19 05:36:11', '2021-06-19 05:39:47'),
(167, 'استایل', 162, '2021-06-19 05:36:11', '2021-06-19 05:39:47'),
(168, 'گرادینت', 162, '2021-06-19 05:36:11', '2021-06-19 05:39:47'),
(169, 'پلاگین', 162, '2021-06-19 05:36:11', '2021-06-19 05:39:47'),
(170, 'ابزار طراحی', 0, '2021-06-19 05:36:11', '2021-06-19 05:36:11'),
(171, 'پیش نمایش', 170, '2021-06-19 05:36:11', '2021-06-19 05:39:14'),
(172, 'کارت ویزیت', 170, '2021-06-19 05:36:11', '2021-06-19 05:39:14'),
(173, 'آیکون', 170, '2021-06-19 05:36:11', '2021-06-19 05:39:14'),
(174, 'تصاویر استوک', 170, '2021-06-19 05:36:11', '2021-06-19 05:39:14'),
(175, 'تصاویر وکتور', 170, '2021-06-19 05:36:11', '2021-06-19 05:39:14'),
(176, 'فایل لایه باز', 170, '2021-06-19 05:36:11', '2021-06-19 05:39:14'),
(177, 'تصاویر اسلیمی', 170, '2021-06-19 05:36:11', '2021-06-19 05:39:14'),
(178, 'بروشور و کاتالوگ', 170, '2021-06-19 05:36:11', '2021-06-19 05:39:14'),
(179, 'قاب و حاشیه', 170, '2021-06-19 05:36:11', '2021-06-19 05:39:14'),
(180, 'آرم و لوگو', 170, '2021-06-19 05:36:11', '2021-06-19 05:39:14'),
(181, 'نرم افزار اندروید', 0, '2021-06-19 05:53:59', '2021-06-19 05:53:59');

-- --------------------------------------------------------

--
-- Table structure for table `category_post`
--

CREATE TABLE `category_post` (
  `post_id` bigint(20) UNSIGNED NOT NULL,
  `category_id` bigint(20) UNSIGNED NOT NULL
) ENGINE=InnoDB DEFAULT CHARSET=utf8mb4 COLLATE=utf8mb4_unicode_ci;

--
-- Dumping data for table `category_post`
--

INSERT INTO `category_post` (`post_id`, `category_id`) VALUES
(98, 3),
(100, 3),
(103, 3),
(100, 9),
(100, 11),
(100, 17),
(103, 20),
(99, 29),
(100, 37),
(101, 51),
(103, 59),
(101, 97),
(101, 98),
(101, 103),
(101, 106),
(25, 135),
(27, 135),
(28, 135),
(29, 135),
(30, 135),
(26, 136);

-- --------------------------------------------------------

--
-- Table structure for table `category_product`
--

CREATE TABLE `category_product` (
  `product_id` bigint(20) UNSIGNED NOT NULL,
  `category_id` bigint(20) UNSIGNED NOT NULL
) ENGINE=InnoDB DEFAULT CHARSET=utf8mb4 COLLATE=utf8mb4_unicode_ci;

--
-- Dumping data for table `category_product`
--

INSERT INTO `category_product` (`product_id`, `category_id`) VALUES
(21, 36),
(21, 51),
(20, 101),
(20, 102),
(20, 111),
(15, 123),
(16, 123),
(17, 123),
(18, 123),
(19, 123);

-- --------------------------------------------------------

--
-- Table structure for table `cities`
--

CREATE TABLE `cities` (
  `id` bigint(20) UNSIGNED NOT NULL,
  `user_id` bigint(20) UNSIGNED NOT NULL DEFAULT 1,
  `parent` int(11) NOT NULL DEFAULT 0,
  `title` varchar(100) COLLATE utf8mb4_unicode_ci NOT NULL,
  `sort` tinyint(3) UNSIGNED NOT NULL DEFAULT 1,
  `deleted_at` timestamp NULL DEFAULT NULL,
  `created_at` timestamp NULL DEFAULT NULL,
  `updated_at` timestamp NULL DEFAULT NULL
) ENGINE=InnoDB DEFAULT CHARSET=utf8mb4 COLLATE=utf8mb4_unicode_ci;

--
-- Dumping data for table `cities`
--

INSERT INTO `cities` (`id`, `user_id`, `parent`, `title`, `sort`, `deleted_at`, `created_at`, `updated_at`) VALUES
(1, 1, 0, 'آذربایجان شرقی', 1, NULL, NULL, NULL),
(2, 1, 0, 'آذربایجان غربی', 1, NULL, NULL, NULL),
(3, 1, 0, 'اردبیل', 1, NULL, NULL, NULL),
(4, 1, 0, 'اصفهان', 1, NULL, NULL, NULL),
(5, 1, 0, 'البرز', 1, NULL, NULL, NULL),
(6, 1, 0, 'ایلام', 1, NULL, NULL, NULL),
(7, 1, 0, 'بوشهر', 1, NULL, NULL, NULL),
(8, 1, 0, 'تهران', 1, NULL, NULL, NULL),
(9, 1, 0, 'چهارمحال بختیاری', 1, NULL, NULL, NULL),
(10, 1, 0, 'خراسان جنوبی', 1, NULL, NULL, NULL),
(11, 1, 0, 'خراسان رضوی', 1, NULL, NULL, NULL),
(12, 1, 0, 'خراسان شمالی', 1, NULL, NULL, NULL),
(13, 1, 0, 'خوزستان', 1, NULL, NULL, NULL),
(14, 1, 0, 'زنجان', 1, NULL, NULL, NULL),
(15, 1, 0, 'سمنان', 1, NULL, NULL, NULL),
(16, 1, 0, 'سیستان و بلوچستان', 1, NULL, NULL, NULL),
(17, 1, 0, 'فارس', 1, NULL, NULL, NULL),
(18, 1, 0, 'قزوین', 1, NULL, NULL, NULL),
(19, 1, 0, 'قم', 1, NULL, NULL, NULL),
(20, 1, 0, 'کردستان', 1, NULL, NULL, NULL),
(21, 1, 0, 'کرمان', 1, NULL, NULL, NULL),
(22, 1, 0, 'کرمانشاه', 1, NULL, NULL, NULL),
(23, 1, 0, 'کهکیلویه و بویراحمد', 1, NULL, NULL, NULL),
(24, 1, 0, 'گلستان', 1, NULL, NULL, NULL),
(25, 1, 0, 'گیلان', 1, NULL, NULL, NULL),
(26, 1, 0, 'لرستان', 1, NULL, NULL, NULL),
(27, 1, 0, 'مازندران', 1, NULL, NULL, NULL),
(28, 1, 0, 'مرکزی', 1, NULL, NULL, NULL),
(29, 1, 0, 'هرمزگان', 1, NULL, NULL, NULL),
(30, 1, 0, 'همدان', 1, NULL, NULL, NULL),
(31, 1, 0, 'یزد', 1, NULL, NULL, NULL),
(32, 1, 1, 'آذرشهر', 1, NULL, '2020-08-28 09:17:25', '2020-08-28 09:17:25'),
(33, 1, 1, 'تیمورلو', 1, NULL, '2020-08-28 09:17:25', '2020-08-28 09:17:25'),
(34, 1, 1, 'گوگان', 1, NULL, '2020-08-28 09:17:25', '2020-08-28 09:17:25'),
(35, 1, 1, 'ممقان', 1, NULL, '2020-08-28 09:17:25', '2020-08-28 09:17:25'),
(36, 1, 1, 'اسکو', 1, NULL, '2020-08-28 09:17:25', '2020-08-28 09:17:25'),
(37, 1, 1, 'ایلخچی', 1, NULL, '2020-08-28 09:17:25', '2020-08-28 09:17:25'),
(38, 1, 1, 'سهند', 1, NULL, '2020-08-28 09:17:25', '2020-08-28 09:17:25'),
(39, 1, 1, 'اهر', 1, NULL, '2020-08-28 09:17:25', '2020-08-28 09:17:25'),
(40, 1, 1, 'هوراند', 1, NULL, '2020-08-28 09:17:25', '2020-08-28 09:17:25'),
(41, 1, 1, 'بستان آباد', 1, NULL, '2020-08-28 09:17:25', '2020-08-28 09:17:25'),
(42, 1, 1, 'تیکمه داش', 1, NULL, '2020-08-28 09:17:25', '2020-08-28 09:17:25'),
(43, 1, 1, 'بناب', 1, NULL, '2020-08-28 09:17:25', '2020-08-28 09:17:25'),
(44, 1, 1, 'باسمنج', 1, NULL, '2020-08-28 09:17:25', '2020-08-28 09:17:25'),
(45, 1, 1, 'تبریز', 1, NULL, '2020-08-28 09:17:25', '2020-08-28 09:17:25'),
(46, 1, 1, 'خسروشاه', 1, NULL, '2020-08-28 09:17:25', '2020-08-28 09:17:25'),
(47, 1, 1, 'سردرود', 1, NULL, '2020-08-28 09:17:25', '2020-08-28 09:17:25'),
(48, 1, 1, 'جلفا', 1, NULL, '2020-08-28 09:17:25', '2020-08-28 09:17:25'),
(49, 1, 1, 'سیه رود', 1, NULL, '2020-08-28 09:17:25', '2020-08-28 09:17:25'),
(50, 1, 1, 'هادیشهر', 1, NULL, '2020-08-28 09:17:25', '2020-08-28 09:17:25'),
(51, 1, 1, 'قره آغاج', 1, NULL, '2020-08-28 09:17:25', '2020-08-28 09:17:25'),
(52, 1, 1, 'خمارلو', 1, NULL, '2020-08-28 09:17:25', '2020-08-28 09:17:25'),
(53, 1, 1, 'دوزدوزان', 1, NULL, '2020-08-28 09:17:25', '2020-08-28 09:17:25'),
(54, 1, 1, 'سراب', 1, NULL, '2020-08-28 09:17:25', '2020-08-28 09:17:25'),
(55, 1, 1, 'شربیان', 1, NULL, '2020-08-28 09:17:25', '2020-08-28 09:17:25'),
(56, 1, 1, 'مهربان', 1, NULL, '2020-08-28 09:17:25', '2020-08-28 09:17:25'),
(57, 1, 1, 'تسوج', 1, NULL, '2020-08-28 09:17:25', '2020-08-28 09:17:25'),
(58, 1, 1, 'خامنه', 1, NULL, '2020-08-28 09:17:26', '2020-08-28 09:17:26'),
(59, 1, 1, 'سیس', 1, NULL, '2020-08-28 09:17:26', '2020-08-28 09:17:26'),
(60, 1, 1, 'شبستر', 1, NULL, '2020-08-28 09:17:26', '2020-08-28 09:17:26'),
(61, 1, 1, 'شرفخانه', 1, NULL, '2020-08-28 09:17:26', '2020-08-28 09:17:26'),
(62, 1, 1, 'شندآباد', 1, NULL, '2020-08-28 09:17:26', '2020-08-28 09:17:26'),
(63, 1, 1, 'صوفیان', 1, NULL, '2020-08-28 09:17:26', '2020-08-28 09:17:26'),
(64, 1, 1, 'کوزه کنان', 1, NULL, '2020-08-28 09:17:26', '2020-08-28 09:17:26'),
(65, 1, 1, 'وایقان', 1, NULL, '2020-08-28 09:17:26', '2020-08-28 09:17:26'),
(66, 1, 1, 'جوان قلعه', 1, NULL, '2020-08-28 09:17:26', '2020-08-28 09:17:26'),
(67, 1, 1, 'عجب شیر', 1, NULL, '2020-08-28 09:17:26', '2020-08-28 09:17:26'),
(68, 1, 1, 'آبش احمد', 1, NULL, '2020-08-28 09:17:26', '2020-08-28 09:17:26'),
(69, 1, 1, 'کلیبر', 1, NULL, '2020-08-28 09:17:26', '2020-08-28 09:17:26'),
(70, 1, 1, 'خداجو(خراجو)', 1, NULL, '2020-08-28 09:17:26', '2020-08-28 09:17:26'),
(71, 1, 1, 'مراغه', 1, NULL, '2020-08-28 09:17:26', '2020-08-28 09:17:26'),
(72, 1, 1, 'بناب مرند', 1, NULL, '2020-08-28 09:17:26', '2020-08-28 09:17:26'),
(73, 1, 1, 'زنوز', 1, NULL, '2020-08-28 09:17:26', '2020-08-28 09:17:26'),
(74, 1, 1, 'کشکسرای', 1, NULL, '2020-08-28 09:17:26', '2020-08-28 09:17:26'),
(75, 1, 1, 'مرند', 1, NULL, '2020-08-28 09:17:26', '2020-08-28 09:17:26'),
(76, 1, 1, 'یامچی', 1, NULL, '2020-08-28 09:17:26', '2020-08-28 09:17:26'),
(77, 1, 1, 'لیلان', 1, NULL, '2020-08-28 09:17:26', '2020-08-28 09:17:26'),
(78, 1, 1, 'مبارک شهر', 1, NULL, '2020-08-28 09:17:26', '2020-08-28 09:17:26'),
(79, 1, 1, 'ملکان', 1, NULL, '2020-08-28 09:17:26', '2020-08-28 09:17:26'),
(80, 1, 1, 'آقکند', 1, NULL, '2020-08-28 09:17:26', '2020-08-28 09:17:26'),
(81, 1, 1, 'اچاچی', 1, NULL, '2020-08-28 09:17:26', '2020-08-28 09:17:26'),
(82, 1, 1, 'ترک', 1, NULL, '2020-08-28 09:17:26', '2020-08-28 09:17:26'),
(83, 1, 1, 'ترکمانچای', 1, NULL, '2020-08-28 09:17:26', '2020-08-28 09:17:26'),
(84, 1, 1, 'میانه', 1, NULL, '2020-08-28 09:17:26', '2020-08-28 09:17:26'),
(85, 1, 1, 'خاروانا', 1, NULL, '2020-08-28 09:17:26', '2020-08-28 09:17:26'),
(86, 1, 1, 'ورزقان', 1, NULL, '2020-08-28 09:17:27', '2020-08-28 09:17:27'),
(87, 1, 1, 'بخشایش', 1, NULL, '2020-08-28 09:17:27', '2020-08-28 09:17:27'),
(88, 1, 1, 'خواجه', 1, NULL, '2020-08-28 09:17:27', '2020-08-28 09:17:27'),
(89, 1, 1, 'زرنق', 1, NULL, '2020-08-28 09:17:27', '2020-08-28 09:17:27'),
(90, 1, 1, 'کلوانق', 1, NULL, '2020-08-28 09:17:27', '2020-08-28 09:17:27'),
(91, 1, 1, 'هریس', 1, NULL, '2020-08-28 09:17:27', '2020-08-28 09:17:27'),
(92, 1, 1, 'نظرکهریزی', 1, NULL, '2020-08-28 09:17:27', '2020-08-28 09:17:27'),
(93, 1, 1, 'هشترود', 1, NULL, '2020-08-28 09:17:27', '2020-08-28 09:17:27'),
(94, 1, 2, 'ارومیه', 1, NULL, '2020-08-28 09:17:27', '2020-08-28 09:17:27'),
(95, 1, 2, 'سرو', 1, NULL, '2020-08-28 09:17:27', '2020-08-28 09:17:27'),
(96, 1, 2, 'سیلوانه', 1, NULL, '2020-08-28 09:17:27', '2020-08-28 09:17:27'),
(97, 1, 2, 'قوشچی', 1, NULL, '2020-08-28 09:17:27', '2020-08-28 09:17:27'),
(98, 1, 2, 'نوشین', 1, NULL, '2020-08-28 09:17:27', '2020-08-28 09:17:27'),
(99, 1, 2, 'اشنویه', 1, NULL, '2020-08-28 09:17:27', '2020-08-28 09:17:27'),
(100, 1, 2, 'نالوس', 1, NULL, '2020-08-28 09:17:27', '2020-08-28 09:17:27'),
(101, 1, 2, 'بوکان', 1, NULL, '2020-08-28 09:17:27', '2020-08-28 09:17:27'),
(102, 1, 2, 'سیمینه', 1, NULL, '2020-08-28 09:17:27', '2020-08-28 09:17:27'),
(103, 1, 2, 'پلدشت', 1, NULL, '2020-08-28 09:17:27', '2020-08-28 09:17:27'),
(104, 1, 2, 'نازک علیا', 1, NULL, '2020-08-28 09:17:27', '2020-08-28 09:17:27'),
(105, 1, 2, 'پیرانشهر', 1, NULL, '2020-08-28 09:17:27', '2020-08-28 09:17:27'),
(106, 1, 2, 'گردکشانه', 1, NULL, '2020-08-28 09:17:27', '2020-08-28 09:17:27'),
(107, 1, 2, 'تکاب', 1, NULL, '2020-08-28 09:17:27', '2020-08-28 09:17:27'),
(108, 1, 2, 'آواجیق', 1, NULL, '2020-08-28 09:17:27', '2020-08-28 09:17:27'),
(109, 1, 2, 'سیه چشمه', 1, NULL, '2020-08-28 09:17:27', '2020-08-28 09:17:27'),
(110, 1, 2, 'قره ضیاءالدین', 1, NULL, '2020-08-28 09:17:27', '2020-08-28 09:17:27'),
(111, 1, 2, 'ایواوغلی', 1, NULL, '2020-08-28 09:17:27', '2020-08-28 09:17:27'),
(112, 1, 2, 'خوی', 1, NULL, '2020-08-28 09:17:27', '2020-08-28 09:17:27'),
(113, 1, 2, 'دیزج دیز', 1, NULL, '2020-08-28 09:17:28', '2020-08-28 09:17:28'),
(114, 1, 2, 'زرآباد', 1, NULL, '2020-08-28 09:17:28', '2020-08-28 09:17:28'),
(115, 1, 2, 'فیرورق', 1, NULL, '2020-08-28 09:17:28', '2020-08-28 09:17:28'),
(116, 1, 2, 'قطور', 1, NULL, '2020-08-28 09:17:28', '2020-08-28 09:17:28'),
(117, 1, 2, 'ربط', 1, NULL, '2020-08-28 09:17:28', '2020-08-28 09:17:28'),
(118, 1, 2, 'سردشت', 1, NULL, '2020-08-28 09:17:28', '2020-08-28 09:17:28'),
(119, 1, 2, 'میرآباد', 1, NULL, '2020-08-28 09:17:28', '2020-08-28 09:17:28'),
(120, 1, 2, 'تازه شهر', 1, NULL, '2020-08-28 09:17:28', '2020-08-28 09:17:28'),
(121, 1, 2, 'سلماس', 1, NULL, '2020-08-28 09:17:28', '2020-08-28 09:17:28'),
(122, 1, 2, 'شاهین دژ', 1, NULL, '2020-08-28 09:17:28', '2020-08-28 09:17:28'),
(123, 1, 2, 'کشاورز', 1, NULL, '2020-08-28 09:17:28', '2020-08-28 09:17:28'),
(124, 1, 2, 'محمودآباد', 1, NULL, '2020-08-28 09:17:28', '2020-08-28 09:17:28'),
(125, 1, 2, 'شوط', 1, NULL, '2020-08-28 09:17:28', '2020-08-28 09:17:28'),
(126, 1, 2, 'مرگنلر', 1, NULL, '2020-08-28 09:17:28', '2020-08-28 09:17:28'),
(127, 1, 2, 'بازرگان', 1, NULL, '2020-08-28 09:17:28', '2020-08-28 09:17:28'),
(128, 1, 2, 'ماکو', 1, NULL, '2020-08-28 09:17:28', '2020-08-28 09:17:28'),
(129, 1, 2, 'خلیفان', 1, NULL, '2020-08-28 09:17:28', '2020-08-28 09:17:28'),
(130, 1, 2, 'مهاباد', 1, NULL, '2020-08-28 09:17:28', '2020-08-28 09:17:28'),
(131, 1, 2, 'باروق', 1, NULL, '2020-08-28 09:17:28', '2020-08-28 09:17:28'),
(132, 1, 2, 'چهاربرج', 1, NULL, '2020-08-28 09:17:28', '2020-08-28 09:17:28'),
(133, 1, 2, 'میاندوآب', 1, NULL, '2020-08-28 09:17:28', '2020-08-28 09:17:28'),
(134, 1, 2, 'محمدیار', 1, NULL, '2020-08-28 09:17:28', '2020-08-28 09:17:28'),
(135, 1, 2, 'نقده', 1, NULL, '2020-08-28 09:17:28', '2020-08-28 09:17:28'),
(136, 1, 3, 'اردبیل', 1, NULL, '2020-08-28 09:17:28', '2020-08-28 09:17:28'),
(137, 1, 3, 'هیر', 1, NULL, '2020-08-28 09:17:29', '2020-08-28 09:17:29'),
(138, 1, 3, 'بیله سوار', 1, NULL, '2020-08-28 09:17:29', '2020-08-28 09:17:29'),
(139, 1, 3, 'جعفرآباد', 1, NULL, '2020-08-28 09:17:29', '2020-08-28 09:17:29'),
(140, 1, 3, 'اسلام اباد', 1, NULL, '2020-08-28 09:17:29', '2020-08-28 09:17:29'),
(141, 1, 3, 'اصلاندوز', 1, NULL, '2020-08-28 09:17:29', '2020-08-28 09:17:29'),
(142, 1, 3, 'پارس آباد', 1, NULL, '2020-08-28 09:17:29', '2020-08-28 09:17:29'),
(143, 1, 3, 'تازه کند', 1, NULL, '2020-08-28 09:17:29', '2020-08-28 09:17:29'),
(144, 1, 3, 'خلخال', 1, NULL, '2020-08-28 09:17:29', '2020-08-28 09:17:29'),
(145, 1, 3, 'کلور', 1, NULL, '2020-08-28 09:17:29', '2020-08-28 09:17:29'),
(146, 1, 3, 'هشتجین', 1, NULL, '2020-08-28 09:17:29', '2020-08-28 09:17:29'),
(147, 1, 3, 'سرعین', 1, NULL, '2020-08-28 09:17:29', '2020-08-28 09:17:29'),
(148, 1, 3, 'گیوی', 1, NULL, '2020-08-28 09:17:29', '2020-08-28 09:17:29'),
(149, 1, 3, 'تازه کندانگوت', 1, NULL, '2020-08-28 09:17:29', '2020-08-28 09:17:29'),
(150, 1, 3, 'گرمی', 1, NULL, '2020-08-28 09:17:29', '2020-08-28 09:17:29'),
(151, 1, 3, 'رضی', 1, NULL, '2020-08-28 09:17:29', '2020-08-28 09:17:29'),
(152, 1, 3, 'فخراباد', 1, NULL, '2020-08-28 09:17:29', '2020-08-28 09:17:29'),
(153, 1, 3, 'قصابه', 1, NULL, '2020-08-28 09:17:29', '2020-08-28 09:17:29'),
(154, 1, 3, 'لاهرود', 1, NULL, '2020-08-28 09:17:29', '2020-08-28 09:17:29'),
(155, 1, 3, 'مرادلو', 1, NULL, '2020-08-28 09:17:29', '2020-08-28 09:17:29'),
(156, 1, 3, 'مشگین شهر', 1, NULL, '2020-08-28 09:17:29', '2020-08-28 09:17:29'),
(157, 1, 3, 'آبی بیگلو', 1, NULL, '2020-08-28 09:17:29', '2020-08-28 09:17:29'),
(158, 1, 3, 'عنبران', 1, NULL, '2020-08-28 09:17:29', '2020-08-28 09:17:29'),
(159, 1, 3, 'نمین', 1, NULL, '2020-08-28 09:17:29', '2020-08-28 09:17:29'),
(160, 1, 3, 'کوراییم', 1, NULL, '2020-08-28 09:17:29', '2020-08-28 09:17:29'),
(161, 1, 3, 'نیر', 1, NULL, '2020-08-28 09:17:29', '2020-08-28 09:17:29'),
(162, 1, 4, 'آران وبیدگل', 1, NULL, '2020-08-28 09:17:29', '2020-08-28 09:17:29'),
(163, 1, 4, 'ابوزیدآباد', 1, NULL, '2020-08-28 09:17:29', '2020-08-28 09:17:29'),
(164, 1, 4, 'سفیدشهر', 1, NULL, '2020-08-28 09:17:29', '2020-08-28 09:17:29'),
(165, 1, 4, 'نوش آباد', 1, NULL, '2020-08-28 09:17:29', '2020-08-28 09:17:29'),
(166, 1, 4, 'اردستان', 1, NULL, '2020-08-28 09:17:29', '2020-08-28 09:17:29'),
(167, 1, 4, 'زواره', 1, NULL, '2020-08-28 09:17:29', '2020-08-28 09:17:29'),
(168, 1, 4, 'مهاباد', 1, NULL, '2020-08-28 09:17:29', '2020-08-28 09:17:29'),
(169, 1, 4, 'اژیه', 1, NULL, '2020-08-28 09:17:29', '2020-08-28 09:17:29'),
(170, 1, 4, 'اصفهان', 1, NULL, '2020-08-28 09:17:29', '2020-08-28 09:17:29'),
(171, 1, 4, 'بهارستان', 1, NULL, '2020-08-28 09:17:30', '2020-08-28 09:17:30'),
(172, 1, 4, 'تودشک', 1, NULL, '2020-08-28 09:17:30', '2020-08-28 09:17:30'),
(173, 1, 4, 'حسن اباد', 1, NULL, '2020-08-28 09:17:30', '2020-08-28 09:17:30'),
(174, 1, 4, 'زیار', 1, NULL, '2020-08-28 09:17:30', '2020-08-28 09:17:30'),
(175, 1, 4, 'سجزی', 1, NULL, '2020-08-28 09:17:30', '2020-08-28 09:17:30'),
(176, 1, 4, 'قهجاورستان', 1, NULL, '2020-08-28 09:17:30', '2020-08-28 09:17:30'),
(177, 1, 4, 'کوهپایه', 1, NULL, '2020-08-28 09:17:30', '2020-08-28 09:17:30'),
(178, 1, 4, 'محمدآباد', 1, NULL, '2020-08-28 09:17:30', '2020-08-28 09:17:30'),
(179, 1, 4, 'نصرآباد', 1, NULL, '2020-08-28 09:17:30', '2020-08-28 09:17:30'),
(180, 1, 4, 'نیک آباد', 1, NULL, '2020-08-28 09:17:30', '2020-08-28 09:17:30'),
(181, 1, 4, 'ورزنه', 1, NULL, '2020-08-28 09:17:30', '2020-08-28 09:17:30'),
(182, 1, 4, 'هرند', 1, NULL, '2020-08-28 09:17:30', '2020-08-28 09:17:30'),
(183, 1, 4, 'حبیب آباد', 1, NULL, '2020-08-28 09:17:30', '2020-08-28 09:17:30'),
(184, 1, 4, 'خورزوق', 1, NULL, '2020-08-28 09:17:30', '2020-08-28 09:17:30'),
(185, 1, 4, 'دستگرد', 1, NULL, '2020-08-28 09:17:30', '2020-08-28 09:17:30'),
(186, 1, 4, 'دولت آباد', 1, NULL, '2020-08-28 09:17:30', '2020-08-28 09:17:30'),
(187, 1, 4, 'سین', 1, NULL, '2020-08-28 09:17:30', '2020-08-28 09:17:30'),
(188, 1, 4, 'شاپورآباد', 1, NULL, '2020-08-28 09:17:30', '2020-08-28 09:17:30'),
(189, 1, 4, 'کمشچه', 1, NULL, '2020-08-28 09:17:30', '2020-08-28 09:17:30'),
(190, 1, 4, 'افوس', 1, NULL, '2020-08-28 09:17:30', '2020-08-28 09:17:30'),
(191, 1, 4, 'بویین ومیاندشت', 1, NULL, '2020-08-28 09:17:30', '2020-08-28 09:17:30'),
(192, 1, 4, 'تیران', 1, NULL, '2020-08-28 09:17:30', '2020-08-28 09:17:30'),
(193, 1, 4, 'رضوانشهر', 1, NULL, '2020-08-28 09:17:30', '2020-08-28 09:17:30'),
(194, 1, 4, 'عسگران', 1, NULL, '2020-08-28 09:17:30', '2020-08-28 09:17:30'),
(195, 1, 4, 'چادگان', 1, NULL, '2020-08-28 09:17:30', '2020-08-28 09:17:30'),
(196, 1, 4, 'رزوه', 1, NULL, '2020-08-28 09:17:30', '2020-08-28 09:17:30'),
(197, 1, 4, 'اصغرآباد', 1, NULL, '2020-08-28 09:17:30', '2020-08-28 09:17:30'),
(198, 1, 4, 'خمینی شهر', 1, NULL, '2020-08-28 09:17:30', '2020-08-28 09:17:30'),
(199, 1, 4, 'درچه', 1, NULL, '2020-08-28 09:17:30', '2020-08-28 09:17:30'),
(200, 1, 4, 'کوشک', 1, NULL, '2020-08-28 09:17:30', '2020-08-28 09:17:30'),
(201, 1, 4, 'خوانسار', 1, NULL, '2020-08-28 09:17:30', '2020-08-28 09:17:30'),
(202, 1, 4, 'جندق', 1, NULL, '2020-08-28 09:17:31', '2020-08-28 09:17:31'),
(203, 1, 4, 'خور', 1, NULL, '2020-08-28 09:17:31', '2020-08-28 09:17:31'),
(204, 1, 4, 'فرخی', 1, NULL, '2020-08-28 09:17:31', '2020-08-28 09:17:31'),
(205, 1, 4, 'دهاقان', 1, NULL, '2020-08-28 09:17:31', '2020-08-28 09:17:31'),
(206, 1, 4, 'گلشن', 1, NULL, '2020-08-28 09:17:31', '2020-08-28 09:17:31'),
(207, 1, 4, 'حنا', 1, NULL, '2020-08-28 09:17:31', '2020-08-28 09:17:31'),
(208, 1, 4, 'سمیرم', 1, NULL, '2020-08-28 09:17:31', '2020-08-28 09:17:31'),
(209, 1, 4, 'کمه', 1, NULL, '2020-08-28 09:17:31', '2020-08-28 09:17:31'),
(210, 1, 4, 'ونک', 1, NULL, '2020-08-28 09:17:31', '2020-08-28 09:17:31'),
(211, 1, 4, 'شاهین شهر', 1, NULL, '2020-08-28 09:17:31', '2020-08-28 09:17:31'),
(212, 1, 4, 'گرگاب', 1, NULL, '2020-08-28 09:17:31', '2020-08-28 09:17:31'),
(213, 1, 4, 'گزبرخوار', 1, NULL, '2020-08-28 09:17:31', '2020-08-28 09:17:31'),
(214, 1, 4, 'لای بید', 1, NULL, '2020-08-28 09:17:31', '2020-08-28 09:17:31'),
(215, 1, 4, 'میمه', 1, NULL, '2020-08-28 09:17:31', '2020-08-28 09:17:31'),
(216, 1, 4, 'وزوان', 1, NULL, '2020-08-28 09:17:31', '2020-08-28 09:17:31'),
(217, 1, 4, 'شهرضا', 1, NULL, '2020-08-28 09:17:31', '2020-08-28 09:17:31'),
(218, 1, 4, 'منظریه', 1, NULL, '2020-08-28 09:17:31', '2020-08-28 09:17:31'),
(219, 1, 4, 'داران', 1, NULL, '2020-08-28 09:17:31', '2020-08-28 09:17:31'),
(220, 1, 4, 'دامنه', 1, NULL, '2020-08-28 09:17:31', '2020-08-28 09:17:31'),
(221, 1, 4, 'برف انبار', 1, NULL, '2020-08-28 09:17:31', '2020-08-28 09:17:31'),
(222, 1, 4, 'فریدونشهر', 1, NULL, '2020-08-28 09:17:31', '2020-08-28 09:17:31'),
(223, 1, 4, 'ابریشم', 1, NULL, '2020-08-28 09:17:31', '2020-08-28 09:17:31'),
(224, 1, 4, 'ایمانشهر', 1, NULL, '2020-08-28 09:17:31', '2020-08-28 09:17:31'),
(225, 1, 4, 'بهاران شهر', 1, NULL, '2020-08-28 09:17:31', '2020-08-28 09:17:31'),
(226, 1, 4, 'پیربکران', 1, NULL, '2020-08-28 09:17:31', '2020-08-28 09:17:31'),
(227, 1, 4, 'زازران', 1, NULL, '2020-08-28 09:17:31', '2020-08-28 09:17:31'),
(228, 1, 4, 'فلاورجان', 1, NULL, '2020-08-28 09:17:31', '2020-08-28 09:17:31'),
(229, 1, 4, 'قهدریجان', 1, NULL, '2020-08-28 09:17:31', '2020-08-28 09:17:31'),
(230, 1, 4, 'کلیشادوسودرجان', 1, NULL, '2020-08-28 09:17:31', '2020-08-28 09:17:31'),
(231, 1, 4, 'برزک', 1, NULL, '2020-08-28 09:17:31', '2020-08-28 09:17:31'),
(232, 1, 4, 'جوشقان قالی', 1, NULL, '2020-08-28 09:17:31', '2020-08-28 09:17:31'),
(233, 1, 4, 'قمصر', 1, NULL, '2020-08-28 09:17:31', '2020-08-28 09:17:31'),
(234, 1, 4, 'کاشان', 1, NULL, '2020-08-28 09:17:31', '2020-08-28 09:17:31'),
(235, 1, 4, 'کامو و چوگان', 1, NULL, '2020-08-28 09:17:31', '2020-08-28 09:17:31'),
(236, 1, 4, 'مشکات', 1, NULL, '2020-08-28 09:17:31', '2020-08-28 09:17:31'),
(237, 1, 4, 'نیاسر', 1, NULL, '2020-08-28 09:17:31', '2020-08-28 09:17:31'),
(238, 1, 4, 'گلپایگان', 1, NULL, '2020-08-28 09:17:31', '2020-08-28 09:17:31'),
(239, 1, 4, 'گلشهر', 1, NULL, '2020-08-28 09:17:31', '2020-08-28 09:17:31'),
(240, 1, 4, 'گوگد', 1, NULL, '2020-08-28 09:17:31', '2020-08-28 09:17:31'),
(241, 1, 4, 'باغ بهادران', 1, NULL, '2020-08-28 09:17:31', '2020-08-28 09:17:31'),
(242, 1, 4, 'باغشاد', 1, NULL, '2020-08-28 09:17:32', '2020-08-28 09:17:32'),
(243, 1, 4, 'چرمهین', 1, NULL, '2020-08-28 09:17:32', '2020-08-28 09:17:32'),
(244, 1, 4, 'چمگردان', 1, NULL, '2020-08-28 09:17:32', '2020-08-28 09:17:32'),
(245, 1, 4, 'زاینده رود', 1, NULL, '2020-08-28 09:17:32', '2020-08-28 09:17:32'),
(246, 1, 4, 'زرین شهر', 1, NULL, '2020-08-28 09:17:32', '2020-08-28 09:17:32'),
(247, 1, 4, 'سده لنجان', 1, NULL, '2020-08-28 09:17:32', '2020-08-28 09:17:32'),
(248, 1, 4, 'فولادشهر', 1, NULL, '2020-08-28 09:17:32', '2020-08-28 09:17:32'),
(249, 1, 4, 'ورنامخواست', 1, NULL, '2020-08-28 09:17:32', '2020-08-28 09:17:32'),
(250, 1, 4, 'دیزیچه', 1, NULL, '2020-08-28 09:17:32', '2020-08-28 09:17:32'),
(251, 1, 4, 'زیباشهر', 1, NULL, '2020-08-28 09:17:32', '2020-08-28 09:17:32'),
(252, 1, 4, 'طالخونچه', 1, NULL, '2020-08-28 09:17:32', '2020-08-28 09:17:32'),
(253, 1, 4, 'کرکوند', 1, NULL, '2020-08-28 09:17:32', '2020-08-28 09:17:32'),
(254, 1, 4, 'مبارکه', 1, NULL, '2020-08-28 09:17:32', '2020-08-28 09:17:32'),
(255, 1, 4, 'مجلسی', 1, NULL, '2020-08-28 09:17:32', '2020-08-28 09:17:32'),
(256, 1, 4, 'انارک', 1, NULL, '2020-08-28 09:17:32', '2020-08-28 09:17:32'),
(257, 1, 4, 'بافران', 1, NULL, '2020-08-28 09:17:32', '2020-08-28 09:17:32'),
(258, 1, 4, 'نایین', 1, NULL, '2020-08-28 09:17:32', '2020-08-28 09:17:32'),
(259, 1, 4, 'جوزدان', 1, NULL, '2020-08-28 09:17:32', '2020-08-28 09:17:32'),
(260, 1, 4, 'دهق', 1, NULL, '2020-08-28 09:17:32', '2020-08-28 09:17:32'),
(261, 1, 4, 'علویجه', 1, NULL, '2020-08-28 09:17:32', '2020-08-28 09:17:32'),
(262, 1, 4, 'کهریزسنگ', 1, NULL, '2020-08-28 09:17:32', '2020-08-28 09:17:32'),
(263, 1, 4, 'گلدشت', 1, NULL, '2020-08-28 09:17:32', '2020-08-28 09:17:32'),
(264, 1, 4, 'نجف آباد', 1, NULL, '2020-08-28 09:17:32', '2020-08-28 09:17:32'),
(265, 1, 4, 'بادرود', 1, NULL, '2020-08-28 09:17:32', '2020-08-28 09:17:32'),
(266, 1, 4, 'خالدآباد', 1, NULL, '2020-08-28 09:17:32', '2020-08-28 09:17:32'),
(267, 1, 4, 'طرق رود', 1, NULL, '2020-08-28 09:17:32', '2020-08-28 09:17:32'),
(268, 1, 4, 'نطنز', 1, NULL, '2020-08-28 09:17:32', '2020-08-28 09:17:32'),
(269, 1, 5, 'اشتهارد', 1, NULL, '2020-08-28 09:17:33', '2020-08-28 09:17:33'),
(270, 1, 5, 'چهارباغ', 1, NULL, '2020-08-28 09:17:33', '2020-08-28 09:17:33'),
(271, 1, 5, 'شهرجدیدهشتگرد', 1, NULL, '2020-08-28 09:17:33', '2020-08-28 09:17:33'),
(272, 1, 5, 'کوهسار', 1, NULL, '2020-08-28 09:17:33', '2020-08-28 09:17:33'),
(273, 1, 5, 'گلسار', 1, NULL, '2020-08-28 09:17:33', '2020-08-28 09:17:33'),
(274, 1, 5, 'هشتگرد', 1, NULL, '2020-08-28 09:17:33', '2020-08-28 09:17:33'),
(275, 1, 5, 'طالقان', 1, NULL, '2020-08-28 09:17:33', '2020-08-28 09:17:33'),
(276, 1, 5, 'فردیس', 1, NULL, '2020-08-28 09:17:33', '2020-08-28 09:17:33'),
(277, 1, 5, 'مشکین دشت', 1, NULL, '2020-08-28 09:17:33', '2020-08-28 09:17:33'),
(278, 1, 5, 'آسارا', 1, NULL, '2020-08-28 09:17:33', '2020-08-28 09:17:33'),
(279, 1, 5, 'کرج', 1, NULL, '2020-08-28 09:17:33', '2020-08-28 09:17:33'),
(280, 1, 5, 'کمال شهر', 1, NULL, '2020-08-28 09:17:33', '2020-08-28 09:17:33'),
(281, 1, 5, 'گرمدره', 1, NULL, '2020-08-28 09:17:33', '2020-08-28 09:17:33'),
(282, 1, 5, 'ماهدشت', 1, NULL, '2020-08-28 09:17:33', '2020-08-28 09:17:33'),
(283, 1, 5, 'محمدشهر', 1, NULL, '2020-08-28 09:17:33', '2020-08-28 09:17:33'),
(284, 1, 5, 'تنکمان', 1, NULL, '2020-08-28 09:17:33', '2020-08-28 09:17:33'),
(285, 1, 5, 'نظرآباد', 1, NULL, '2020-08-28 09:17:33', '2020-08-28 09:17:33'),
(286, 1, 6, 'آبدانان', 1, NULL, '2020-08-28 09:17:33', '2020-08-28 09:17:33'),
(287, 1, 6, 'سراب باغ', 1, NULL, '2020-08-28 09:17:33', '2020-08-28 09:17:33'),
(288, 1, 6, 'مورموری', 1, NULL, '2020-08-28 09:17:33', '2020-08-28 09:17:33'),
(289, 1, 6, 'ایلام', 1, NULL, '2020-08-28 09:17:33', '2020-08-28 09:17:33'),
(290, 1, 6, 'چوار', 1, NULL, '2020-08-28 09:17:33', '2020-08-28 09:17:33'),
(291, 1, 6, 'ایوان', 1, NULL, '2020-08-28 09:17:33', '2020-08-28 09:17:33'),
(292, 1, 6, 'زرنه', 1, NULL, '2020-08-28 09:17:33', '2020-08-28 09:17:33'),
(293, 1, 6, 'بدره', 1, NULL, '2020-08-28 09:17:34', '2020-08-28 09:17:34'),
(294, 1, 6, 'آسمان آباد', 1, NULL, '2020-08-28 09:17:34', '2020-08-28 09:17:34'),
(295, 1, 6, 'بلاوه', 1, NULL, '2020-08-28 09:17:34', '2020-08-28 09:17:34'),
(296, 1, 6, 'توحید', 1, NULL, '2020-08-28 09:17:34', '2020-08-28 09:17:34'),
(297, 1, 6, 'سرابله', 1, NULL, '2020-08-28 09:17:34', '2020-08-28 09:17:34'),
(298, 1, 6, 'شباب', 1, NULL, '2020-08-28 09:17:34', '2020-08-28 09:17:34'),
(299, 1, 6, 'دره شهر', 1, NULL, '2020-08-28 09:17:34', '2020-08-28 09:17:34'),
(300, 1, 6, 'ماژین', 1, NULL, '2020-08-28 09:17:34', '2020-08-28 09:17:34'),
(301, 1, 6, 'پهله', 1, NULL, '2020-08-28 09:17:34', '2020-08-28 09:17:34'),
(302, 1, 6, 'دهلران', 1, NULL, '2020-08-28 09:17:34', '2020-08-28 09:17:34'),
(303, 1, 6, 'موسیان', 1, NULL, '2020-08-28 09:17:34', '2020-08-28 09:17:34'),
(304, 1, 6, 'میمه', 1, NULL, '2020-08-28 09:17:34', '2020-08-28 09:17:34'),
(305, 1, 6, 'لومار', 1, NULL, '2020-08-28 09:17:35', '2020-08-28 09:17:35'),
(306, 1, 6, 'ارکواز', 1, NULL, '2020-08-28 09:17:35', '2020-08-28 09:17:35'),
(307, 1, 6, 'دلگشا', 1, NULL, '2020-08-28 09:17:35', '2020-08-28 09:17:35'),
(308, 1, 6, 'مهر', 1, NULL, '2020-08-28 09:17:35', '2020-08-28 09:17:35'),
(309, 1, 6, 'صالح آباد', 1, NULL, '2020-08-28 09:17:35', '2020-08-28 09:17:35'),
(310, 1, 6, 'مهران', 1, NULL, '2020-08-28 09:17:35', '2020-08-28 09:17:35'),
(311, 1, 7, 'بوشهر', 1, NULL, '2020-08-28 09:17:35', '2020-08-28 09:17:35'),
(312, 1, 7, 'چغادک', 1, NULL, '2020-08-28 09:17:35', '2020-08-28 09:17:35'),
(313, 1, 7, 'خارک', 1, NULL, '2020-08-28 09:17:36', '2020-08-28 09:17:36'),
(314, 1, 7, 'عالی شهر', 1, NULL, '2020-08-28 09:17:36', '2020-08-28 09:17:36'),
(315, 1, 7, 'آباد', 1, NULL, '2020-08-28 09:17:36', '2020-08-28 09:17:36'),
(316, 1, 7, 'اهرم', 1, NULL, '2020-08-28 09:17:36', '2020-08-28 09:17:36'),
(317, 1, 7, 'دلوار', 1, NULL, '2020-08-28 09:17:36', '2020-08-28 09:17:36'),
(318, 1, 7, 'انارستان', 1, NULL, '2020-08-28 09:17:36', '2020-08-28 09:17:36'),
(319, 1, 7, 'جم', 1, NULL, '2020-08-28 09:17:36', '2020-08-28 09:17:36'),
(320, 1, 7, 'ریز', 1, NULL, '2020-08-28 09:17:36', '2020-08-28 09:17:36'),
(321, 1, 7, 'آب پخش', 1, NULL, '2020-08-28 09:17:36', '2020-08-28 09:17:36'),
(322, 1, 7, 'برازجان', 1, NULL, '2020-08-28 09:17:36', '2020-08-28 09:17:36'),
(323, 1, 7, 'بوشکان', 1, NULL, '2020-08-28 09:17:36', '2020-08-28 09:17:36'),
(324, 1, 7, 'تنگ ارم', 1, NULL, '2020-08-28 09:17:36', '2020-08-28 09:17:36'),
(325, 1, 7, 'دالکی', 1, NULL, '2020-08-28 09:17:36', '2020-08-28 09:17:36'),
(326, 1, 7, 'سعد آباد', 1, NULL, '2020-08-28 09:17:37', '2020-08-28 09:17:37'),
(327, 1, 7, 'شبانکاره', 1, NULL, '2020-08-28 09:17:37', '2020-08-28 09:17:37'),
(328, 1, 7, 'کلمه', 1, NULL, '2020-08-28 09:17:37', '2020-08-28 09:17:37'),
(329, 1, 7, 'وحدتیه', 1, NULL, '2020-08-28 09:17:37', '2020-08-28 09:17:37'),
(330, 1, 7, 'بادوله', 1, NULL, '2020-08-28 09:17:37', '2020-08-28 09:17:37'),
(331, 1, 7, 'خورموج', 1, NULL, '2020-08-28 09:17:37', '2020-08-28 09:17:37'),
(332, 1, 7, 'شنبه', 1, NULL, '2020-08-28 09:17:37', '2020-08-28 09:17:37'),
(333, 1, 7, 'کاکی', 1, NULL, '2020-08-28 09:17:37', '2020-08-28 09:17:37'),
(334, 1, 7, 'آبدان', 1, NULL, '2020-08-28 09:17:37', '2020-08-28 09:17:37'),
(335, 1, 7, 'بردخون', 1, NULL, '2020-08-28 09:17:37', '2020-08-28 09:17:37'),
(336, 1, 7, 'بردستان', 1, NULL, '2020-08-28 09:17:37', '2020-08-28 09:17:37'),
(337, 1, 7, 'بندردیر', 1, NULL, '2020-08-28 09:17:37', '2020-08-28 09:17:37'),
(338, 1, 7, 'دوراهک', 1, NULL, '2020-08-28 09:17:37', '2020-08-28 09:17:37'),
(339, 1, 7, 'امام حسن', 1, NULL, '2020-08-28 09:17:37', '2020-08-28 09:17:37'),
(340, 1, 7, 'بندردیلم', 1, NULL, '2020-08-28 09:17:37', '2020-08-28 09:17:37'),
(341, 1, 7, 'عسلویه', 1, NULL, '2020-08-28 09:17:37', '2020-08-28 09:17:37'),
(342, 1, 7, 'نخل تقی', 1, NULL, '2020-08-28 09:17:37', '2020-08-28 09:17:37'),
(343, 1, 7, 'بندرکنگان', 1, NULL, '2020-08-28 09:17:37', '2020-08-28 09:17:37'),
(344, 1, 7, 'بنک', 1, NULL, '2020-08-28 09:17:37', '2020-08-28 09:17:37'),
(345, 1, 7, 'سیراف', 1, NULL, '2020-08-28 09:17:37', '2020-08-28 09:17:37'),
(346, 1, 7, 'بندرریگ', 1, NULL, '2020-08-28 09:17:38', '2020-08-28 09:17:38'),
(347, 1, 7, 'بندرگناوه', 1, NULL, '2020-08-28 09:17:38', '2020-08-28 09:17:38'),
(348, 1, 8, 'احمد آباد مستوفی', 1, NULL, '2020-08-28 09:17:38', '2020-08-28 09:17:38'),
(349, 1, 8, 'اسلامشهر', 1, NULL, '2020-08-28 09:17:38', '2020-08-28 09:17:38'),
(350, 1, 8, 'چهاردانگه', 1, NULL, '2020-08-28 09:17:38', '2020-08-28 09:17:38'),
(351, 1, 8, 'صالحیه', 1, NULL, '2020-08-28 09:17:38', '2020-08-28 09:17:38'),
(352, 1, 8, 'گلستان', 1, NULL, '2020-08-28 09:17:39', '2020-08-28 09:17:39'),
(353, 1, 8, 'نسیم شهر', 1, NULL, '2020-08-28 09:17:39', '2020-08-28 09:17:39'),
(354, 1, 8, 'پاکدشت', 1, NULL, '2020-08-28 09:17:39', '2020-08-28 09:17:39'),
(355, 1, 8, 'شریف آباد', 1, NULL, '2020-08-28 09:17:39', '2020-08-28 09:17:39'),
(356, 1, 8, 'فرون اباد', 1, NULL, '2020-08-28 09:17:39', '2020-08-28 09:17:39'),
(357, 1, 8, 'بومهن', 1, NULL, '2020-08-28 09:17:39', '2020-08-28 09:17:39'),
(358, 1, 8, 'پردیس', 1, NULL, '2020-08-28 09:17:39', '2020-08-28 09:17:39'),
(359, 1, 8, 'پیشوا', 1, NULL, '2020-08-28 09:17:39', '2020-08-28 09:17:39'),
(360, 1, 8, 'تهران', 1, NULL, '2020-08-28 09:17:39', '2020-08-28 09:17:39'),
(361, 1, 8, 'آبسرد', 1, NULL, '2020-08-28 09:17:39', '2020-08-28 09:17:39'),
(362, 1, 8, 'آبعلی', 1, NULL, '2020-08-28 09:17:39', '2020-08-28 09:17:39'),
(363, 1, 8, 'دماوند', 1, NULL, '2020-08-28 09:17:39', '2020-08-28 09:17:39'),
(364, 1, 8, 'رودهن', 1, NULL, '2020-08-28 09:17:39', '2020-08-28 09:17:39'),
(365, 1, 8, 'کیلان', 1, NULL, '2020-08-28 09:17:39', '2020-08-28 09:17:39'),
(366, 1, 8, 'پرند', 1, NULL, '2020-08-28 09:17:39', '2020-08-28 09:17:39'),
(367, 1, 8, 'رباطکریم', 1, NULL, '2020-08-28 09:17:39', '2020-08-28 09:17:39'),
(368, 1, 8, 'نصیرشهر', 1, NULL, '2020-08-28 09:17:39', '2020-08-28 09:17:39'),
(369, 1, 8, 'باقرشهر', 1, NULL, '2020-08-28 09:17:39', '2020-08-28 09:17:39'),
(370, 1, 8, 'حسن آباد', 1, NULL, '2020-08-28 09:17:39', '2020-08-28 09:17:39'),
(371, 1, 8, 'ری', 1, NULL, '2020-08-28 09:17:39', '2020-08-28 09:17:39'),
(372, 1, 8, 'کهریزک', 1, NULL, '2020-08-28 09:17:39', '2020-08-28 09:17:39'),
(373, 1, 8, 'تجریش', 1, NULL, '2020-08-28 09:17:39', '2020-08-28 09:17:39'),
(374, 1, 8, 'شمشک', 1, NULL, '2020-08-28 09:17:39', '2020-08-28 09:17:39'),
(375, 1, 8, 'فشم', 1, NULL, '2020-08-28 09:17:39', '2020-08-28 09:17:39'),
(376, 1, 8, 'لواسان', 1, NULL, '2020-08-28 09:17:39', '2020-08-28 09:17:39'),
(377, 1, 8, 'اندیشه', 1, NULL, '2020-08-28 09:17:39', '2020-08-28 09:17:39'),
(378, 1, 8, 'باغستان', 1, NULL, '2020-08-28 09:17:39', '2020-08-28 09:17:39'),
(379, 1, 8, 'شاهدشهر', 1, NULL, '2020-08-28 09:17:39', '2020-08-28 09:17:39'),
(380, 1, 8, 'شهریار', 1, NULL, '2020-08-28 09:17:39', '2020-08-28 09:17:39'),
(381, 1, 8, 'صباشهر', 1, NULL, '2020-08-28 09:17:39', '2020-08-28 09:17:39'),
(382, 1, 8, 'فردوسیه', 1, NULL, '2020-08-28 09:17:39', '2020-08-28 09:17:39'),
(383, 1, 8, 'وحیدیه', 1, NULL, '2020-08-28 09:17:39', '2020-08-28 09:17:39'),
(384, 1, 8, 'ارجمند', 1, NULL, '2020-08-28 09:17:40', '2020-08-28 09:17:40'),
(385, 1, 8, 'فیروزکوه', 1, NULL, '2020-08-28 09:17:40', '2020-08-28 09:17:40'),
(386, 1, 8, 'قدس', 1, NULL, '2020-08-28 09:17:40', '2020-08-28 09:17:40'),
(387, 1, 8, 'قرچک', 1, NULL, '2020-08-28 09:17:40', '2020-08-28 09:17:40'),
(388, 1, 8, 'صفادشت', 1, NULL, '2020-08-28 09:17:40', '2020-08-28 09:17:40'),
(389, 1, 8, 'ملارد', 1, NULL, '2020-08-28 09:17:40', '2020-08-28 09:17:40'),
(390, 1, 8, 'جوادآباد', 1, NULL, '2020-08-28 09:17:40', '2020-08-28 09:17:40'),
(391, 1, 8, 'ورامین', 1, NULL, '2020-08-28 09:17:40', '2020-08-28 09:17:40'),
(392, 1, 9, 'اردل', 1, NULL, '2020-08-28 09:17:40', '2020-08-28 09:17:40'),
(393, 1, 9, 'دشتک', 1, NULL, '2020-08-28 09:17:40', '2020-08-28 09:17:40'),
(394, 1, 9, 'سرخون', 1, NULL, '2020-08-28 09:17:40', '2020-08-28 09:17:40'),
(395, 1, 9, 'کاج', 1, NULL, '2020-08-28 09:17:40', '2020-08-28 09:17:40'),
(396, 1, 9, 'بروجن', 1, NULL, '2020-08-28 09:17:40', '2020-08-28 09:17:40'),
(397, 1, 9, 'بلداجی', 1, NULL, '2020-08-28 09:17:40', '2020-08-28 09:17:40'),
(398, 1, 9, 'سفیددشت', 1, NULL, '2020-08-28 09:17:40', '2020-08-28 09:17:40'),
(399, 1, 9, 'فرادبنه', 1, NULL, '2020-08-28 09:17:40', '2020-08-28 09:17:40'),
(400, 1, 9, 'گندمان', 1, NULL, '2020-08-28 09:17:40', '2020-08-28 09:17:40'),
(401, 1, 9, 'نقنه', 1, NULL, '2020-08-28 09:17:40', '2020-08-28 09:17:40'),
(402, 1, 9, 'بن', 1, NULL, '2020-08-28 09:17:40', '2020-08-28 09:17:40'),
(403, 1, 9, 'وردنجان', 1, NULL, '2020-08-28 09:17:40', '2020-08-28 09:17:40'),
(404, 1, 9, 'سامان', 1, NULL, '2020-08-28 09:17:40', '2020-08-28 09:17:40'),
(405, 1, 9, 'سودجان', 1, NULL, '2020-08-28 09:17:40', '2020-08-28 09:17:40'),
(406, 1, 9, 'سورشجان', 1, NULL, '2020-08-28 09:17:40', '2020-08-28 09:17:40'),
(407, 1, 9, 'شهرکرد', 1, NULL, '2020-08-28 09:17:40', '2020-08-28 09:17:40'),
(408, 1, 9, 'طاقانک', 1, NULL, '2020-08-28 09:17:40', '2020-08-28 09:17:40'),
(409, 1, 9, 'فرخ شهر', 1, NULL, '2020-08-28 09:17:40', '2020-08-28 09:17:40'),
(410, 1, 9, 'کیان', 1, NULL, '2020-08-28 09:17:40', '2020-08-28 09:17:40'),
(411, 1, 9, 'نافچ', 1, NULL, '2020-08-28 09:17:40', '2020-08-28 09:17:40'),
(412, 1, 9, 'هارونی', 1, NULL, '2020-08-28 09:17:40', '2020-08-28 09:17:40'),
(413, 1, 9, 'هفشجان', 1, NULL, '2020-08-28 09:17:40', '2020-08-28 09:17:40'),
(414, 1, 9, 'باباحیدر', 1, NULL, '2020-08-28 09:17:40', '2020-08-28 09:17:40'),
(415, 1, 9, 'پردنجان', 1, NULL, '2020-08-28 09:17:40', '2020-08-28 09:17:40'),
(416, 1, 9, 'جونقان', 1, NULL, '2020-08-28 09:17:40', '2020-08-28 09:17:40'),
(417, 1, 9, 'چلیچه', 1, NULL, '2020-08-28 09:17:40', '2020-08-28 09:17:40'),
(418, 1, 9, 'فارسان', 1, NULL, '2020-08-28 09:17:41', '2020-08-28 09:17:41'),
(419, 1, 9, 'گوجان', 1, NULL, '2020-08-28 09:17:41', '2020-08-28 09:17:41'),
(420, 1, 9, 'بازفت', 1, NULL, '2020-08-28 09:17:41', '2020-08-28 09:17:41'),
(421, 1, 9, 'چلگرد', 1, NULL, '2020-08-28 09:17:41', '2020-08-28 09:17:41'),
(422, 1, 9, 'صمصامی', 1, NULL, '2020-08-28 09:17:41', '2020-08-28 09:17:41'),
(423, 1, 9, 'دستنا', 1, NULL, '2020-08-28 09:17:41', '2020-08-28 09:17:41'),
(424, 1, 9, 'شلمزار', 1, NULL, '2020-08-28 09:17:41', '2020-08-28 09:17:41'),
(425, 1, 9, 'گهرو', 1, NULL, '2020-08-28 09:17:41', '2020-08-28 09:17:41'),
(426, 1, 9, 'ناغان', 1, NULL, '2020-08-28 09:17:41', '2020-08-28 09:17:41'),
(427, 1, 9, 'آلونی', 1, NULL, '2020-08-28 09:17:41', '2020-08-28 09:17:41'),
(428, 1, 9, 'سردشت', 1, NULL, '2020-08-28 09:17:41', '2020-08-28 09:17:41'),
(429, 1, 9, 'لردگان', 1, NULL, '2020-08-28 09:17:41', '2020-08-28 09:17:41'),
(430, 1, 9, 'مال خلیفه', 1, NULL, '2020-08-28 09:17:41', '2020-08-28 09:17:41'),
(431, 1, 9, 'منج', 1, NULL, '2020-08-28 09:17:41', '2020-08-28 09:17:41'),
(432, 1, 10, 'ارسک', 1, NULL, '2020-08-28 09:17:41', '2020-08-28 09:17:41'),
(433, 1, 10, 'بشرویه', 1, NULL, '2020-08-28 09:17:41', '2020-08-28 09:17:41'),
(434, 1, 10, 'بیرجند', 1, NULL, '2020-08-28 09:17:41', '2020-08-28 09:17:41'),
(435, 1, 10, 'خوسف', 1, NULL, '2020-08-28 09:17:41', '2020-08-28 09:17:41'),
(436, 1, 10, 'محمدشهر', 1, NULL, '2020-08-28 09:17:41', '2020-08-28 09:17:41'),
(437, 1, 10, 'اسدیه', 1, NULL, '2020-08-28 09:17:41', '2020-08-28 09:17:41'),
(438, 1, 10, 'طبس مسینا', 1, NULL, '2020-08-28 09:17:41', '2020-08-28 09:17:41'),
(439, 1, 10, 'قهستان', 1, NULL, '2020-08-28 09:17:41', '2020-08-28 09:17:41'),
(440, 1, 10, 'گزیک', 1, NULL, '2020-08-28 09:17:41', '2020-08-28 09:17:41'),
(441, 1, 10, 'حاجی آباد', 1, NULL, '2020-08-28 09:17:41', '2020-08-28 09:17:41'),
(442, 1, 10, 'زهان', 1, NULL, '2020-08-28 09:17:41', '2020-08-28 09:17:41'),
(443, 1, 10, 'آیسک', 1, NULL, '2020-08-28 09:17:42', '2020-08-28 09:17:42'),
(444, 1, 10, 'سرایان', 1, NULL, '2020-08-28 09:17:42', '2020-08-28 09:17:42'),
(445, 1, 10, 'سه قلعه', 1, NULL, '2020-08-28 09:17:42', '2020-08-28 09:17:42'),
(446, 1, 10, 'سربیشه', 1, NULL, '2020-08-28 09:17:42', '2020-08-28 09:17:42'),
(447, 1, 10, 'مود', 1, NULL, '2020-08-28 09:17:42', '2020-08-28 09:17:42'),
(448, 1, 10, 'دیهوک', 1, NULL, '2020-08-28 09:17:42', '2020-08-28 09:17:42'),
(449, 1, 10, 'طبس', 1, NULL, '2020-08-28 09:17:42', '2020-08-28 09:17:42'),
(450, 1, 10, 'عشق آباد', 1, NULL, '2020-08-28 09:17:42', '2020-08-28 09:17:42'),
(451, 1, 10, 'اسلامیه', 1, NULL, '2020-08-28 09:17:42', '2020-08-28 09:17:42'),
(452, 1, 10, 'فردوس', 1, NULL, '2020-08-28 09:17:42', '2020-08-28 09:17:42'),
(453, 1, 10, 'آرین شهر', 1, NULL, '2020-08-28 09:17:42', '2020-08-28 09:17:42'),
(454, 1, 10, 'اسفدن', 1, NULL, '2020-08-28 09:17:42', '2020-08-28 09:17:42'),
(455, 1, 10, 'خضری دشت بیاض', 1, NULL, '2020-08-28 09:17:42', '2020-08-28 09:17:42'),
(456, 1, 10, 'قاین', 1, NULL, '2020-08-28 09:17:42', '2020-08-28 09:17:42'),
(457, 1, 10, 'نیمبلوک', 1, NULL, '2020-08-28 09:17:42', '2020-08-28 09:17:42'),
(458, 1, 10, 'شوسف', 1, NULL, '2020-08-28 09:17:42', '2020-08-28 09:17:42'),
(459, 1, 10, 'نهبندان', 1, NULL, '2020-08-28 09:17:42', '2020-08-28 09:17:42'),
(460, 1, 11, 'باخرز', 1, NULL, '2020-08-28 09:17:42', '2020-08-28 09:17:42'),
(461, 1, 11, 'بجستان', 1, NULL, '2020-08-28 09:17:42', '2020-08-28 09:17:42'),
(462, 1, 11, 'یونسی', 1, NULL, '2020-08-28 09:17:42', '2020-08-28 09:17:42'),
(463, 1, 11, 'انابد', 1, NULL, '2020-08-28 09:17:42', '2020-08-28 09:17:42'),
(464, 1, 11, 'بردسکن', 1, NULL, '2020-08-28 09:17:42', '2020-08-28 09:17:42'),
(465, 1, 11, 'شهراباد', 1, NULL, '2020-08-28 09:17:42', '2020-08-28 09:17:42'),
(466, 1, 11, 'شاندیز', 1, NULL, '2020-08-28 09:17:42', '2020-08-28 09:17:42'),
(467, 1, 11, 'طرقبه', 1, NULL, '2020-08-28 09:17:42', '2020-08-28 09:17:42'),
(468, 1, 11, 'تایباد', 1, NULL, '2020-08-28 09:17:42', '2020-08-28 09:17:42'),
(469, 1, 11, 'کاریز', 1, NULL, '2020-08-28 09:17:42', '2020-08-28 09:17:42'),
(470, 1, 11, 'مشهدریزه', 1, NULL, '2020-08-28 09:17:42', '2020-08-28 09:17:42'),
(471, 1, 11, 'احمدابادصولت', 1, NULL, '2020-08-28 09:17:42', '2020-08-28 09:17:42'),
(472, 1, 11, 'تربت جام', 1, NULL, '2020-08-28 09:17:43', '2020-08-28 09:17:43'),
(473, 1, 11, 'صالح آباد', 1, NULL, '2020-08-28 09:17:43', '2020-08-28 09:17:43'),
(474, 1, 11, 'نصرآباد', 1, NULL, '2020-08-28 09:17:43', '2020-08-28 09:17:43'),
(475, 1, 11, 'نیل شهر', 1, NULL, '2020-08-28 09:17:43', '2020-08-28 09:17:43'),
(476, 1, 11, 'بایک', 1, NULL, '2020-08-28 09:17:43', '2020-08-28 09:17:43'),
(477, 1, 11, 'تربت حیدریه', 1, NULL, '2020-08-28 09:17:43', '2020-08-28 09:17:43'),
(478, 1, 11, 'رباط سنگ', 1, NULL, '2020-08-28 09:17:43', '2020-08-28 09:17:43'),
(479, 1, 11, 'کدکن', 1, NULL, '2020-08-28 09:17:43', '2020-08-28 09:17:43'),
(480, 1, 11, 'جغتای', 1, NULL, '2020-08-28 09:17:43', '2020-08-28 09:17:43'),
(481, 1, 11, 'نقاب', 1, NULL, '2020-08-28 09:17:43', '2020-08-28 09:17:43'),
(482, 1, 11, 'چناران', 1, NULL, '2020-08-28 09:17:43', '2020-08-28 09:17:43'),
(483, 1, 11, 'گلبهار', 1, NULL, '2020-08-28 09:17:43', '2020-08-28 09:17:43'),
(484, 1, 11, 'گلمکان', 1, NULL, '2020-08-28 09:17:43', '2020-08-28 09:17:43'),
(485, 1, 11, 'خلیل آباد', 1, NULL, '2020-08-28 09:17:43', '2020-08-28 09:17:43'),
(486, 1, 11, 'کندر', 1, NULL, '2020-08-28 09:17:43', '2020-08-28 09:17:43'),
(487, 1, 11, 'خواف', 1, NULL, '2020-08-28 09:17:43', '2020-08-28 09:17:43'),
(488, 1, 11, 'سلامی', 1, NULL, '2020-08-28 09:17:43', '2020-08-28 09:17:43'),
(489, 1, 11, 'سنگان', 1, NULL, '2020-08-28 09:17:43', '2020-08-28 09:17:43'),
(490, 1, 11, 'قاسم آباد', 1, NULL, '2020-08-28 09:17:43', '2020-08-28 09:17:43'),
(491, 1, 11, 'نشتیفان', 1, NULL, '2020-08-28 09:17:43', '2020-08-28 09:17:43'),
(492, 1, 11, 'سلطان آباد', 1, NULL, '2020-08-28 09:17:43', '2020-08-28 09:17:43'),
(493, 1, 11, 'داورزن', 1, NULL, '2020-08-28 09:17:43', '2020-08-28 09:17:43'),
(494, 1, 11, 'چاپشلو', 1, NULL, '2020-08-28 09:17:43', '2020-08-28 09:17:43'),
(495, 1, 11, 'درگز', 1, NULL, '2020-08-28 09:17:43', '2020-08-28 09:17:43'),
(496, 1, 11, 'لطف آباد', 1, NULL, '2020-08-28 09:17:44', '2020-08-28 09:17:44'),
(497, 1, 11, 'نوخندان', 1, NULL, '2020-08-28 09:17:44', '2020-08-28 09:17:44'),
(498, 1, 11, 'جنگل', 1, NULL, '2020-08-28 09:17:44', '2020-08-28 09:17:44'),
(499, 1, 11, 'رشتخوار', 1, NULL, '2020-08-28 09:17:44', '2020-08-28 09:17:44'),
(500, 1, 11, 'دولت آباد', 1, NULL, '2020-08-28 09:17:44', '2020-08-28 09:17:44'),
(501, 1, 11, 'روداب', 1, NULL, '2020-08-28 09:17:44', '2020-08-28 09:17:44'),
(502, 1, 11, 'سبزوار', 1, NULL, '2020-08-28 09:17:44', '2020-08-28 09:17:44'),
(503, 1, 11, 'ششتمد', 1, NULL, '2020-08-28 09:17:44', '2020-08-28 09:17:44'),
(504, 1, 11, 'سرخس', 1, NULL, '2020-08-28 09:17:44', '2020-08-28 09:17:44'),
(505, 1, 11, 'مزدآوند', 1, NULL, '2020-08-28 09:17:44', '2020-08-28 09:17:44'),
(506, 1, 11, 'سفیدسنگ', 1, NULL, '2020-08-28 09:17:44', '2020-08-28 09:17:44'),
(507, 1, 11, 'فرهادگرد', 1, NULL, '2020-08-28 09:17:44', '2020-08-28 09:17:44'),
(508, 1, 11, 'فریمان', 1, NULL, '2020-08-28 09:17:44', '2020-08-28 09:17:44'),
(509, 1, 11, 'قلندرآباد', 1, NULL, '2020-08-28 09:17:44', '2020-08-28 09:17:44'),
(510, 1, 11, 'فیروزه', 1, NULL, '2020-08-28 09:17:44', '2020-08-28 09:17:44'),
(511, 1, 11, 'همت آباد', 1, NULL, '2020-08-28 09:17:44', '2020-08-28 09:17:44'),
(512, 1, 11, 'باجگیران', 1, NULL, '2020-08-28 09:17:44', '2020-08-28 09:17:44'),
(513, 1, 11, 'قوچان', 1, NULL, '2020-08-28 09:17:44', '2020-08-28 09:17:44'),
(514, 1, 11, 'ریوش', 1, NULL, '2020-08-28 09:17:44', '2020-08-28 09:17:44'),
(515, 1, 11, 'کاشمر', 1, NULL, '2020-08-28 09:17:44', '2020-08-28 09:17:44'),
(516, 1, 11, 'شهرزو', 1, NULL, '2020-08-28 09:17:44', '2020-08-28 09:17:44'),
(517, 1, 11, 'کلات', 1, NULL, '2020-08-28 09:17:44', '2020-08-28 09:17:44'),
(518, 1, 11, 'بیدخت', 1, NULL, '2020-08-28 09:17:44', '2020-08-28 09:17:44'),
(519, 1, 11, 'کاخک', 1, NULL, '2020-08-28 09:17:45', '2020-08-28 09:17:45'),
(520, 1, 11, 'گناباد', 1, NULL, '2020-08-28 09:17:45', '2020-08-28 09:17:45'),
(521, 1, 11, 'رضویه', 1, NULL, '2020-08-28 09:17:45', '2020-08-28 09:17:45'),
(522, 1, 11, 'مشهد', 1, NULL, '2020-08-28 09:17:45', '2020-08-28 09:17:45'),
(523, 1, 11, 'مشهد ثامن', 1, NULL, '2020-08-28 09:17:45', '2020-08-28 09:17:45'),
(524, 1, 11, 'ملک آباد', 1, NULL, '2020-08-28 09:17:45', '2020-08-28 09:17:45'),
(525, 1, 11, 'شادمهر', 1, NULL, '2020-08-28 09:17:45', '2020-08-28 09:17:45'),
(526, 1, 11, 'فیض آباد', 1, NULL, '2020-08-28 09:17:45', '2020-08-28 09:17:45'),
(527, 1, 11, 'بار', 1, NULL, '2020-08-28 09:17:45', '2020-08-28 09:17:45'),
(528, 1, 11, 'چکنه', 1, NULL, '2020-08-28 09:17:45', '2020-08-28 09:17:45'),
(529, 1, 11, 'خرو', 1, NULL, '2020-08-28 09:17:45', '2020-08-28 09:17:45'),
(530, 1, 11, 'درود', 1, NULL, '2020-08-28 09:17:45', '2020-08-28 09:17:45'),
(531, 1, 11, 'عشق آباد', 1, NULL, '2020-08-28 09:17:45', '2020-08-28 09:17:45'),
(532, 1, 11, 'قدمگاه', 1, NULL, '2020-08-28 09:17:45', '2020-08-28 09:17:45'),
(533, 1, 11, 'نیشابور', 1, NULL, '2020-08-28 09:17:45', '2020-08-28 09:17:45'),
(534, 1, 12, 'اسفراین', 1, NULL, '2020-08-28 09:17:45', '2020-08-28 09:17:45'),
(535, 1, 12, 'صفی آباد', 1, NULL, '2020-08-28 09:17:45', '2020-08-28 09:17:45'),
(536, 1, 12, 'بجنورد', 1, NULL, '2020-08-28 09:17:45', '2020-08-28 09:17:45'),
(537, 1, 12, 'چناران شهر', 1, NULL, '2020-08-28 09:17:45', '2020-08-28 09:17:45'),
(538, 1, 12, 'حصارگرمخان', 1, NULL, '2020-08-28 09:17:45', '2020-08-28 09:17:45'),
(539, 1, 12, 'جاجرم', 1, NULL, '2020-08-28 09:17:45', '2020-08-28 09:17:45'),
(540, 1, 12, 'سنخواست', 1, NULL, '2020-08-28 09:17:45', '2020-08-28 09:17:45'),
(541, 1, 12, 'شوقان', 1, NULL, '2020-08-28 09:17:45', '2020-08-28 09:17:45'),
(542, 1, 12, 'راز', 1, NULL, '2020-08-28 09:17:45', '2020-08-28 09:17:45'),
(543, 1, 12, 'زیارت', 1, NULL, '2020-08-28 09:17:45', '2020-08-28 09:17:45'),
(544, 1, 12, 'شیروان', 1, NULL, '2020-08-28 09:17:45', '2020-08-28 09:17:45'),
(545, 1, 12, 'قوشخانه', 1, NULL, '2020-08-28 09:17:45', '2020-08-28 09:17:45'),
(546, 1, 12, 'لوجلی', 1, NULL, '2020-08-28 09:17:45', '2020-08-28 09:17:45'),
(547, 1, 12, 'تیتکانلو', 1, NULL, '2020-08-28 09:17:45', '2020-08-28 09:17:45'),
(548, 1, 12, 'فاروج', 1, NULL, '2020-08-28 09:17:46', '2020-08-28 09:17:46'),
(549, 1, 12, 'ایور', 1, NULL, '2020-08-28 09:17:46', '2020-08-28 09:17:46'),
(550, 1, 12, 'درق', 1, NULL, '2020-08-28 09:17:46', '2020-08-28 09:17:46'),
(551, 1, 12, 'گرمه', 1, NULL, '2020-08-28 09:17:46', '2020-08-28 09:17:46'),
(552, 1, 12, 'آشخانه', 1, NULL, '2020-08-28 09:17:46', '2020-08-28 09:17:46'),
(553, 1, 12, 'آوا', 1, NULL, '2020-08-28 09:17:46', '2020-08-28 09:17:46'),
(554, 1, 12, 'پیش قلعه', 1, NULL, '2020-08-28 09:17:46', '2020-08-28 09:17:46'),
(555, 1, 12, 'قاضی', 1, NULL, '2020-08-28 09:17:46', '2020-08-28 09:17:46'),
(556, 1, 13, 'آبادان', 1, NULL, '2020-08-28 09:17:46', '2020-08-28 09:17:46'),
(557, 1, 13, 'اروندکنار', 1, NULL, '2020-08-28 09:17:46', '2020-08-28 09:17:46'),
(558, 1, 13, 'چویبده', 1, NULL, '2020-08-28 09:17:46', '2020-08-28 09:17:46'),
(559, 1, 13, 'آغاجاری', 1, NULL, '2020-08-28 09:17:46', '2020-08-28 09:17:46'),
(560, 1, 13, 'امیدیه', 1, NULL, '2020-08-28 09:17:46', '2020-08-28 09:17:46'),
(561, 1, 13, 'جایزان', 1, NULL, '2020-08-28 09:17:46', '2020-08-28 09:17:46'),
(562, 1, 13, 'آبژدان', 1, NULL, '2020-08-28 09:17:46', '2020-08-28 09:17:46'),
(563, 1, 13, 'قلعه خواجه', 1, NULL, '2020-08-28 09:17:46', '2020-08-28 09:17:46'),
(564, 1, 13, 'آزادی', 1, NULL, '2020-08-28 09:17:46', '2020-08-28 09:17:46'),
(565, 1, 13, 'اندیمشک', 1, NULL, '2020-08-28 09:17:46', '2020-08-28 09:17:46'),
(566, 1, 13, 'بیدروبه', 1, NULL, '2020-08-28 09:17:46', '2020-08-28 09:17:46'),
(567, 1, 13, 'چم گلک', 1, NULL, '2020-08-28 09:17:46', '2020-08-28 09:17:46'),
(568, 1, 13, 'حسینیه', 1, NULL, '2020-08-28 09:17:46', '2020-08-28 09:17:46'),
(569, 1, 13, 'الهایی', 1, NULL, '2020-08-28 09:17:46', '2020-08-28 09:17:46'),
(570, 1, 13, 'اهواز', 1, NULL, '2020-08-28 09:17:46', '2020-08-28 09:17:46'),
(571, 1, 13, 'ایذه', 1, NULL, '2020-08-28 09:17:46', '2020-08-28 09:17:46'),
(572, 1, 13, 'دهدز', 1, NULL, '2020-08-28 09:17:46', '2020-08-28 09:17:46'),
(573, 1, 13, 'باغ ملک', 1, NULL, '2020-08-28 09:17:46', '2020-08-28 09:17:46'),
(574, 1, 13, 'صیدون', 1, NULL, '2020-08-28 09:17:46', '2020-08-28 09:17:46'),
(575, 1, 13, 'قلعه تل', 1, NULL, '2020-08-28 09:17:46', '2020-08-28 09:17:46'),
(576, 1, 13, 'میداود', 1, NULL, '2020-08-28 09:17:46', '2020-08-28 09:17:46'),
(577, 1, 13, 'شیبان', 1, NULL, '2020-08-28 09:17:46', '2020-08-28 09:17:46'),
(578, 1, 13, 'ملاثانی', 1, NULL, '2020-08-28 09:17:46', '2020-08-28 09:17:46'),
(579, 1, 13, 'ویس', 1, NULL, '2020-08-28 09:17:46', '2020-08-28 09:17:46'),
(580, 1, 13, 'بندرامام خمینی', 1, NULL, '2020-08-28 09:17:47', '2020-08-28 09:17:47'),
(581, 1, 13, 'بندرماهشهر', 1, NULL, '2020-08-28 09:17:47', '2020-08-28 09:17:47'),
(582, 1, 13, 'چمران', 1, NULL, '2020-08-28 09:17:47', '2020-08-28 09:17:47'),
(583, 1, 13, 'بهبهان', 1, NULL, '2020-08-28 09:17:47', '2020-08-28 09:17:47'),
(584, 1, 13, 'تشان', 1, NULL, '2020-08-28 09:17:47', '2020-08-28 09:17:47'),
(585, 1, 13, 'سردشت', 1, NULL, '2020-08-28 09:17:47', '2020-08-28 09:17:47'),
(586, 1, 13, 'منصوریه', 1, NULL, '2020-08-28 09:17:47', '2020-08-28 09:17:47'),
(587, 1, 13, 'حمیدیه', 1, NULL, '2020-08-28 09:17:47', '2020-08-28 09:17:47'),
(588, 1, 13, 'خرمشهر', 1, NULL, '2020-08-28 09:17:47', '2020-08-28 09:17:47'),
(589, 1, 13, 'مقاومت', 1, NULL, '2020-08-28 09:17:47', '2020-08-28 09:17:47'),
(590, 1, 13, 'مینوشهر', 1, NULL, '2020-08-28 09:17:47', '2020-08-28 09:17:47'),
(591, 1, 13, 'چغامیش', 1, NULL, '2020-08-28 09:17:47', '2020-08-28 09:17:47'),
(592, 1, 13, 'حمزه', 1, NULL, '2020-08-28 09:17:47', '2020-08-28 09:17:47'),
(593, 1, 13, 'دزفول', 1, NULL, '2020-08-28 09:17:47', '2020-08-28 09:17:47'),
(594, 1, 13, 'سالند', 1, NULL, '2020-08-28 09:17:47', '2020-08-28 09:17:47'),
(595, 1, 13, 'سیاه منصور', 1, NULL, '2020-08-28 09:17:47', '2020-08-28 09:17:47'),
(596, 1, 13, 'شمس آباد', 1, NULL, '2020-08-28 09:17:47', '2020-08-28 09:17:47'),
(597, 1, 13, 'شهر امام', 1, NULL, '2020-08-28 09:17:47', '2020-08-28 09:17:47'),
(598, 1, 13, 'صفی آباد', 1, NULL, '2020-08-28 09:17:48', '2020-08-28 09:17:48'),
(599, 1, 13, 'میانرود', 1, NULL, '2020-08-28 09:17:48', '2020-08-28 09:17:48'),
(600, 1, 13, 'ابوحمیظه', 1, NULL, '2020-08-28 09:17:48', '2020-08-28 09:17:48'),
(601, 1, 13, 'بستان', 1, NULL, '2020-08-28 09:17:48', '2020-08-28 09:17:48'),
(602, 1, 13, 'سوسنگرد', 1, NULL, '2020-08-28 09:17:48', '2020-08-28 09:17:48'),
(603, 1, 13, 'کوت سیدنعیم', 1, NULL, '2020-08-28 09:17:48', '2020-08-28 09:17:48'),
(604, 1, 13, 'رامشیر', 1, NULL, '2020-08-28 09:17:48', '2020-08-28 09:17:48'),
(605, 1, 13, 'مشراگه', 1, NULL, '2020-08-28 09:17:48', '2020-08-28 09:17:48'),
(606, 1, 13, 'رامهرمز', 1, NULL, '2020-08-28 09:17:48', '2020-08-28 09:17:48'),
(607, 1, 13, 'خنافره', 1, NULL, '2020-08-28 09:17:48', '2020-08-28 09:17:48'),
(608, 1, 13, 'دارخوین', 1, NULL, '2020-08-28 09:17:48', '2020-08-28 09:17:48'),
(609, 1, 13, 'شادگان', 1, NULL, '2020-08-28 09:17:48', '2020-08-28 09:17:48'),
(610, 1, 13, 'الوان', 1, NULL, '2020-08-28 09:17:48', '2020-08-28 09:17:48'),
(611, 1, 13, 'حر', 1, NULL, '2020-08-28 09:17:48', '2020-08-28 09:17:48'),
(612, 1, 13, 'شاوور', 1, NULL, '2020-08-28 09:17:48', '2020-08-28 09:17:48'),
(613, 1, 13, 'شوش', 1, NULL, '2020-08-28 09:17:48', '2020-08-28 09:17:48'),
(614, 1, 13, 'فتح المبین', 1, NULL, '2020-08-28 09:17:48', '2020-08-28 09:17:48'),
(615, 1, 13, 'سرداران', 1, NULL, '2020-08-28 09:17:48', '2020-08-28 09:17:48'),
(616, 1, 13, 'شرافت', 1, NULL, '2020-08-28 09:17:48', '2020-08-28 09:17:48'),
(617, 1, 13, 'شوشتر', 1, NULL, '2020-08-28 09:17:48', '2020-08-28 09:17:48'),
(618, 1, 13, 'گوریه', 1, NULL, '2020-08-28 09:17:48', '2020-08-28 09:17:48'),
(619, 1, 13, 'کوت عبداله', 1, NULL, '2020-08-28 09:17:48', '2020-08-28 09:17:48'),
(620, 1, 13, 'ترکالکی', 1, NULL, '2020-08-28 09:17:48', '2020-08-28 09:17:48'),
(621, 1, 13, 'جنت مکان', 1, NULL, '2020-08-28 09:17:48', '2020-08-28 09:17:48'),
(622, 1, 13, 'سماله', 1, NULL, '2020-08-28 09:17:48', '2020-08-28 09:17:48'),
(623, 1, 13, 'صالح شهر', 1, NULL, '2020-08-28 09:17:48', '2020-08-28 09:17:48'),
(624, 1, 13, 'گتوند', 1, NULL, '2020-08-28 09:17:48', '2020-08-28 09:17:48'),
(625, 1, 13, 'لالی', 1, NULL, '2020-08-28 09:17:49', '2020-08-28 09:17:49'),
(626, 1, 13, 'گلگیر', 1, NULL, '2020-08-28 09:17:49', '2020-08-28 09:17:49'),
(627, 1, 13, 'مسجدسلیمان', 1, NULL, '2020-08-28 09:17:49', '2020-08-28 09:17:49'),
(628, 1, 13, 'هفتگل', 1, NULL, '2020-08-28 09:17:49', '2020-08-28 09:17:49'),
(629, 1, 13, 'زهره', 1, NULL, '2020-08-28 09:17:49', '2020-08-28 09:17:49'),
(630, 1, 13, 'هندیجان', 1, NULL, '2020-08-28 09:17:49', '2020-08-28 09:17:49'),
(631, 1, 13, 'رفیع', 1, NULL, '2020-08-28 09:17:49', '2020-08-28 09:17:49'),
(632, 1, 13, 'هویزه', 1, NULL, '2020-08-28 09:17:49', '2020-08-28 09:17:49'),
(633, 1, 14, 'ابهر', 1, NULL, '2020-08-28 09:17:49', '2020-08-28 09:17:49'),
(634, 1, 14, 'صایین قلعه', 1, NULL, '2020-08-28 09:17:49', '2020-08-28 09:17:49'),
(635, 1, 14, 'هیدج', 1, NULL, '2020-08-28 09:17:49', '2020-08-28 09:17:49'),
(636, 1, 14, 'حلب', 1, NULL, '2020-08-28 09:17:49', '2020-08-28 09:17:49'),
(637, 1, 14, 'زرین آباد', 1, NULL, '2020-08-28 09:17:49', '2020-08-28 09:17:49'),
(638, 1, 14, 'زرین رود', 1, NULL, '2020-08-28 09:17:49', '2020-08-28 09:17:49'),
(639, 1, 14, 'سجاس', 1, NULL, '2020-08-28 09:17:49', '2020-08-28 09:17:49'),
(640, 1, 14, 'سهرورد', 1, NULL, '2020-08-28 09:17:49', '2020-08-28 09:17:49'),
(641, 1, 14, 'قیدار', 1, NULL, '2020-08-28 09:17:49', '2020-08-28 09:17:49'),
(642, 1, 14, 'کرسف', 1, NULL, '2020-08-28 09:17:49', '2020-08-28 09:17:49'),
(643, 1, 14, 'گرماب', 1, NULL, '2020-08-28 09:17:49', '2020-08-28 09:17:49'),
(644, 1, 14, 'نوربهار', 1, NULL, '2020-08-28 09:17:49', '2020-08-28 09:17:49'),
(645, 1, 14, 'خرمدره', 1, NULL, '2020-08-28 09:17:49', '2020-08-28 09:17:49'),
(646, 1, 14, 'ارمغانخانه', 1, NULL, '2020-08-28 09:17:49', '2020-08-28 09:17:49'),
(647, 1, 14, 'زنجان', 1, NULL, '2020-08-28 09:17:49', '2020-08-28 09:17:49'),
(648, 1, 14, 'نیک پی', 1, NULL, '2020-08-28 09:17:49', '2020-08-28 09:17:49'),
(649, 1, 14, 'سلطانیه', 1, NULL, '2020-08-28 09:17:49', '2020-08-28 09:17:49'),
(650, 1, 14, 'آب بر', 1, NULL, '2020-08-28 09:17:49', '2020-08-28 09:17:49'),
(651, 1, 14, 'چورزق', 1, NULL, '2020-08-28 09:17:49', '2020-08-28 09:17:49'),
(652, 1, 14, 'دندی', 1, NULL, '2020-08-28 09:17:49', '2020-08-28 09:17:49'),
(653, 1, 14, 'ماه نشان', 1, NULL, '2020-08-28 09:17:49', '2020-08-28 09:17:49'),
(654, 1, 15, 'آرادان', 1, NULL, '2020-08-28 09:17:49', '2020-08-28 09:17:49'),
(655, 1, 15, 'کهن آباد', 1, NULL, '2020-08-28 09:17:50', '2020-08-28 09:17:50'),
(656, 1, 15, 'امیریه', 1, NULL, '2020-08-28 09:17:50', '2020-08-28 09:17:50'),
(657, 1, 15, 'دامغان', 1, NULL, '2020-08-28 09:17:50', '2020-08-28 09:17:50'),
(658, 1, 15, 'دیباج', 1, NULL, '2020-08-28 09:17:50', '2020-08-28 09:17:50'),
(659, 1, 15, 'کلاته', 1, NULL, '2020-08-28 09:17:50', '2020-08-28 09:17:50'),
(660, 1, 15, 'سرخه', 1, NULL, '2020-08-28 09:17:50', '2020-08-28 09:17:50'),
(661, 1, 15, 'سمنان', 1, NULL, '2020-08-28 09:17:50', '2020-08-28 09:17:50'),
(662, 1, 15, 'بسطام', 1, NULL, '2020-08-28 09:17:50', '2020-08-28 09:17:50'),
(663, 1, 15, 'بیارجمند', 1, NULL, '2020-08-28 09:17:50', '2020-08-28 09:17:50'),
(664, 1, 15, 'رودیان', 1, NULL, '2020-08-28 09:17:50', '2020-08-28 09:17:50'),
(665, 1, 15, 'شاهرود', 1, NULL, '2020-08-28 09:17:50', '2020-08-28 09:17:50'),
(666, 1, 15, 'کلاته خیج', 1, NULL, '2020-08-28 09:17:50', '2020-08-28 09:17:50');
INSERT INTO `cities` (`id`, `user_id`, `parent`, `title`, `sort`, `deleted_at`, `created_at`, `updated_at`) VALUES
(667, 1, 15, 'مجن', 1, NULL, '2020-08-28 09:17:50', '2020-08-28 09:17:50'),
(668, 1, 15, 'ایوانکی', 1, NULL, '2020-08-28 09:17:50', '2020-08-28 09:17:50'),
(669, 1, 15, 'گرمسار', 1, NULL, '2020-08-28 09:17:50', '2020-08-28 09:17:50'),
(670, 1, 15, 'درجزین', 1, NULL, '2020-08-28 09:17:50', '2020-08-28 09:17:50'),
(671, 1, 15, 'شهمیرزاد', 1, NULL, '2020-08-28 09:17:50', '2020-08-28 09:17:50'),
(672, 1, 15, 'مهدی شهر', 1, NULL, '2020-08-28 09:17:50', '2020-08-28 09:17:50'),
(673, 1, 15, 'میامی', 1, NULL, '2020-08-28 09:17:50', '2020-08-28 09:17:50'),
(674, 1, 16, 'ایرانشهر', 1, NULL, '2020-08-28 09:17:50', '2020-08-28 09:17:50'),
(675, 1, 16, 'بزمان', 1, NULL, '2020-08-28 09:17:50', '2020-08-28 09:17:50'),
(676, 1, 16, 'بمپور', 1, NULL, '2020-08-28 09:17:50', '2020-08-28 09:17:50'),
(677, 1, 16, 'محمدان', 1, NULL, '2020-08-28 09:17:50', '2020-08-28 09:17:50'),
(678, 1, 16, 'چابهار', 1, NULL, '2020-08-28 09:17:50', '2020-08-28 09:17:50'),
(679, 1, 16, 'نگور', 1, NULL, '2020-08-28 09:17:50', '2020-08-28 09:17:50'),
(680, 1, 16, 'خاش', 1, NULL, '2020-08-28 09:17:50', '2020-08-28 09:17:50'),
(681, 1, 16, 'نوک آباد', 1, NULL, '2020-08-28 09:17:50', '2020-08-28 09:17:50'),
(682, 1, 16, 'گلمورتی', 1, NULL, '2020-08-28 09:17:50', '2020-08-28 09:17:50'),
(683, 1, 16, 'بنجار', 1, NULL, '2020-08-28 09:17:50', '2020-08-28 09:17:50'),
(684, 1, 16, 'زابل', 1, NULL, '2020-08-28 09:17:51', '2020-08-28 09:17:51'),
(685, 1, 16, 'زاهدان', 1, NULL, '2020-08-28 09:17:51', '2020-08-28 09:17:51'),
(686, 1, 16, 'نصرت آباد', 1, NULL, '2020-08-28 09:17:51', '2020-08-28 09:17:51'),
(687, 1, 16, 'زهک', 1, NULL, '2020-08-28 09:17:51', '2020-08-28 09:17:51'),
(688, 1, 16, 'جالق', 1, NULL, '2020-08-28 09:17:51', '2020-08-28 09:17:51'),
(689, 1, 16, 'سراوان', 1, NULL, '2020-08-28 09:17:51', '2020-08-28 09:17:51'),
(690, 1, 16, 'سیرکان', 1, NULL, '2020-08-28 09:17:51', '2020-08-28 09:17:51'),
(691, 1, 16, 'گشت', 1, NULL, '2020-08-28 09:17:51', '2020-08-28 09:17:51'),
(692, 1, 16, 'محمدی', 1, NULL, '2020-08-28 09:17:51', '2020-08-28 09:17:51'),
(693, 1, 16, 'پیشین', 1, NULL, '2020-08-28 09:17:51', '2020-08-28 09:17:51'),
(694, 1, 16, 'راسک', 1, NULL, '2020-08-28 09:17:51', '2020-08-28 09:17:51'),
(695, 1, 16, 'سرباز', 1, NULL, '2020-08-28 09:17:51', '2020-08-28 09:17:51'),
(696, 1, 16, 'سوران', 1, NULL, '2020-08-28 09:17:51', '2020-08-28 09:17:51'),
(697, 1, 16, 'هیدوچ', 1, NULL, '2020-08-28 09:17:51', '2020-08-28 09:17:51'),
(698, 1, 16, 'فنوج', 1, NULL, '2020-08-28 09:17:51', '2020-08-28 09:17:51'),
(699, 1, 16, 'قصرقند', 1, NULL, '2020-08-28 09:17:51', '2020-08-28 09:17:51'),
(700, 1, 16, 'زرآباد', 1, NULL, '2020-08-28 09:17:51', '2020-08-28 09:17:51'),
(701, 1, 16, 'کنارک', 1, NULL, '2020-08-28 09:17:51', '2020-08-28 09:17:51'),
(702, 1, 16, 'مهرستان', 1, NULL, '2020-08-28 09:17:51', '2020-08-28 09:17:51'),
(703, 1, 16, 'میرجاوه', 1, NULL, '2020-08-28 09:17:51', '2020-08-28 09:17:51'),
(704, 1, 16, 'اسپکه', 1, NULL, '2020-08-28 09:17:51', '2020-08-28 09:17:51'),
(705, 1, 16, 'بنت', 1, NULL, '2020-08-28 09:17:51', '2020-08-28 09:17:51'),
(706, 1, 16, 'نیک شهر', 1, NULL, '2020-08-28 09:17:51', '2020-08-28 09:17:51'),
(707, 1, 16, 'ادیمی', 1, NULL, '2020-08-28 09:17:51', '2020-08-28 09:17:51'),
(708, 1, 16, 'شهرک علی اکبر', 1, NULL, '2020-08-28 09:17:51', '2020-08-28 09:17:51'),
(709, 1, 16, 'محمدآباد', 1, NULL, '2020-08-28 09:17:51', '2020-08-28 09:17:51'),
(710, 1, 16, 'دوست محمد', 1, NULL, '2020-08-28 09:17:51', '2020-08-28 09:17:51'),
(711, 1, 17, 'آباده', 1, NULL, '2020-08-28 09:17:51', '2020-08-28 09:17:51'),
(712, 1, 17, 'ایزدخواست', 1, NULL, '2020-08-28 09:17:51', '2020-08-28 09:17:51'),
(713, 1, 17, 'بهمن', 1, NULL, '2020-08-28 09:17:51', '2020-08-28 09:17:51'),
(714, 1, 17, 'سورمق', 1, NULL, '2020-08-28 09:17:51', '2020-08-28 09:17:51'),
(715, 1, 17, 'صغاد', 1, NULL, '2020-08-28 09:17:51', '2020-08-28 09:17:51'),
(716, 1, 17, 'ارسنجان', 1, NULL, '2020-08-28 09:17:51', '2020-08-28 09:17:51'),
(717, 1, 17, 'استهبان', 1, NULL, '2020-08-28 09:17:51', '2020-08-28 09:17:51'),
(718, 1, 17, 'ایج', 1, NULL, '2020-08-28 09:17:51', '2020-08-28 09:17:51'),
(719, 1, 17, 'رونیز', 1, NULL, '2020-08-28 09:17:51', '2020-08-28 09:17:51'),
(720, 1, 17, 'اقلید', 1, NULL, '2020-08-28 09:17:51', '2020-08-28 09:17:51'),
(721, 1, 17, 'حسن اباد', 1, NULL, '2020-08-28 09:17:51', '2020-08-28 09:17:51'),
(722, 1, 17, 'دژکرد', 1, NULL, '2020-08-28 09:17:51', '2020-08-28 09:17:51'),
(723, 1, 17, 'سده', 1, NULL, '2020-08-28 09:17:51', '2020-08-28 09:17:51'),
(724, 1, 17, 'بوانات', 1, NULL, '2020-08-28 09:17:51', '2020-08-28 09:17:51'),
(725, 1, 17, 'حسامی', 1, NULL, '2020-08-28 09:17:51', '2020-08-28 09:17:51'),
(726, 1, 17, 'کره ای', 1, NULL, '2020-08-28 09:17:51', '2020-08-28 09:17:51'),
(727, 1, 17, 'مزایجان', 1, NULL, '2020-08-28 09:17:51', '2020-08-28 09:17:51'),
(728, 1, 17, 'سعادت شهر', 1, NULL, '2020-08-28 09:17:51', '2020-08-28 09:17:51'),
(729, 1, 17, 'مادرسلیمان', 1, NULL, '2020-08-28 09:17:51', '2020-08-28 09:17:51'),
(730, 1, 17, 'باب انار', 1, NULL, '2020-08-28 09:17:52', '2020-08-28 09:17:52'),
(731, 1, 17, 'جهرم', 1, NULL, '2020-08-28 09:17:52', '2020-08-28 09:17:52'),
(732, 1, 17, 'خاوران', 1, NULL, '2020-08-28 09:17:52', '2020-08-28 09:17:52'),
(733, 1, 17, 'دوزه', 1, NULL, '2020-08-28 09:17:52', '2020-08-28 09:17:52'),
(734, 1, 17, 'قطب آباد', 1, NULL, '2020-08-28 09:17:52', '2020-08-28 09:17:52'),
(735, 1, 17, 'خرامه', 1, NULL, '2020-08-28 09:17:52', '2020-08-28 09:17:52'),
(736, 1, 17, 'سلطان شهر', 1, NULL, '2020-08-28 09:17:52', '2020-08-28 09:17:52'),
(737, 1, 17, 'صفاشهر', 1, NULL, '2020-08-28 09:17:52', '2020-08-28 09:17:52'),
(738, 1, 17, 'قادراباد', 1, NULL, '2020-08-28 09:17:52', '2020-08-28 09:17:52'),
(739, 1, 17, 'خنج', 1, NULL, '2020-08-28 09:17:52', '2020-08-28 09:17:52'),
(740, 1, 17, 'جنت شهر', 1, NULL, '2020-08-28 09:17:52', '2020-08-28 09:17:52'),
(741, 1, 17, 'داراب', 1, NULL, '2020-08-28 09:17:52', '2020-08-28 09:17:52'),
(742, 1, 17, 'دوبرجی', 1, NULL, '2020-08-28 09:17:52', '2020-08-28 09:17:52'),
(743, 1, 17, 'فدامی', 1, NULL, '2020-08-28 09:17:52', '2020-08-28 09:17:52'),
(744, 1, 17, 'کوپن', 1, NULL, '2020-08-28 09:17:52', '2020-08-28 09:17:52'),
(745, 1, 17, 'مصیری', 1, NULL, '2020-08-28 09:17:52', '2020-08-28 09:17:52'),
(746, 1, 17, 'حاجی آباد', 1, NULL, '2020-08-28 09:17:52', '2020-08-28 09:17:52'),
(747, 1, 17, 'دبیران', 1, NULL, '2020-08-28 09:17:52', '2020-08-28 09:17:52'),
(748, 1, 17, 'شهرپیر', 1, NULL, '2020-08-28 09:17:52', '2020-08-28 09:17:52'),
(749, 1, 17, 'اردکان', 1, NULL, '2020-08-28 09:17:52', '2020-08-28 09:17:52'),
(750, 1, 17, 'بیضا', 1, NULL, '2020-08-28 09:17:52', '2020-08-28 09:17:52'),
(751, 1, 17, 'هماشهر', 1, NULL, '2020-08-28 09:17:52', '2020-08-28 09:17:52'),
(752, 1, 17, 'سروستان', 1, NULL, '2020-08-28 09:17:52', '2020-08-28 09:17:52'),
(753, 1, 17, 'کوهنجان', 1, NULL, '2020-08-28 09:17:52', '2020-08-28 09:17:52'),
(754, 1, 17, 'خانه زنیان', 1, NULL, '2020-08-28 09:17:52', '2020-08-28 09:17:52'),
(755, 1, 17, 'داریان', 1, NULL, '2020-08-28 09:17:52', '2020-08-28 09:17:52'),
(756, 1, 17, 'زرقان', 1, NULL, '2020-08-28 09:17:52', '2020-08-28 09:17:52'),
(757, 1, 17, 'شهرصدرا', 1, NULL, '2020-08-28 09:17:52', '2020-08-28 09:17:52'),
(758, 1, 17, 'شیراز', 1, NULL, '2020-08-28 09:17:52', '2020-08-28 09:17:52'),
(759, 1, 17, 'لپویی', 1, NULL, '2020-08-28 09:17:53', '2020-08-28 09:17:53'),
(760, 1, 17, 'دهرم', 1, NULL, '2020-08-28 09:17:53', '2020-08-28 09:17:53'),
(761, 1, 17, 'فراشبند', 1, NULL, '2020-08-28 09:17:53', '2020-08-28 09:17:53'),
(762, 1, 17, 'نوجین', 1, NULL, '2020-08-28 09:17:53', '2020-08-28 09:17:53'),
(763, 1, 17, 'زاهدشهر', 1, NULL, '2020-08-28 09:17:53', '2020-08-28 09:17:53'),
(764, 1, 17, 'ششده', 1, NULL, '2020-08-28 09:17:53', '2020-08-28 09:17:53'),
(765, 1, 17, 'فسا', 1, NULL, '2020-08-28 09:17:53', '2020-08-28 09:17:53'),
(766, 1, 17, 'قره بلاغ', 1, NULL, '2020-08-28 09:17:53', '2020-08-28 09:17:53'),
(767, 1, 17, 'میانشهر', 1, NULL, '2020-08-28 09:17:53', '2020-08-28 09:17:53'),
(768, 1, 17, 'نوبندگان', 1, NULL, '2020-08-28 09:17:53', '2020-08-28 09:17:53'),
(769, 1, 17, 'فیروزآباد', 1, NULL, '2020-08-28 09:17:53', '2020-08-28 09:17:53'),
(770, 1, 17, 'میمند', 1, NULL, '2020-08-28 09:17:53', '2020-08-28 09:17:53'),
(771, 1, 17, 'افزر', 1, NULL, '2020-08-28 09:17:53', '2020-08-28 09:17:53'),
(772, 1, 17, 'امام شهر', 1, NULL, '2020-08-28 09:17:53', '2020-08-28 09:17:53'),
(773, 1, 17, 'قیر', 1, NULL, '2020-08-28 09:17:53', '2020-08-28 09:17:53'),
(774, 1, 17, 'کارزین (فتح آباد)', 1, NULL, '2020-08-28 09:17:53', '2020-08-28 09:17:53'),
(775, 1, 17, 'مبارک آباددیز', 1, NULL, '2020-08-28 09:17:53', '2020-08-28 09:17:53'),
(776, 1, 17, 'بالاده', 1, NULL, '2020-08-28 09:17:53', '2020-08-28 09:17:53'),
(777, 1, 17, 'خشت', 1, NULL, '2020-08-28 09:17:53', '2020-08-28 09:17:53'),
(778, 1, 17, 'قایمیه', 1, NULL, '2020-08-28 09:17:53', '2020-08-28 09:17:53'),
(779, 1, 17, 'کازرون', 1, NULL, '2020-08-28 09:17:53', '2020-08-28 09:17:53'),
(780, 1, 17, 'کنارتخته', 1, NULL, '2020-08-28 09:17:53', '2020-08-28 09:17:53'),
(781, 1, 17, 'نودان', 1, NULL, '2020-08-28 09:17:53', '2020-08-28 09:17:53'),
(782, 1, 17, 'کوار', 1, NULL, '2020-08-28 09:17:53', '2020-08-28 09:17:53'),
(783, 1, 17, 'گراش', 1, NULL, '2020-08-28 09:17:53', '2020-08-28 09:17:53'),
(784, 1, 17, 'اوز', 1, NULL, '2020-08-28 09:17:53', '2020-08-28 09:17:53'),
(785, 1, 17, 'بنارویه', 1, NULL, '2020-08-28 09:17:53', '2020-08-28 09:17:53'),
(786, 1, 17, 'بیرم', 1, NULL, '2020-08-28 09:17:53', '2020-08-28 09:17:53'),
(787, 1, 17, 'جویم', 1, NULL, '2020-08-28 09:17:53', '2020-08-28 09:17:53'),
(788, 1, 17, 'خور', 1, NULL, '2020-08-28 09:17:53', '2020-08-28 09:17:53'),
(789, 1, 17, 'عمادده', 1, NULL, '2020-08-28 09:17:53', '2020-08-28 09:17:53'),
(790, 1, 17, 'لار', 1, NULL, '2020-08-28 09:17:53', '2020-08-28 09:17:53'),
(791, 1, 17, 'لطیفی', 1, NULL, '2020-08-28 09:17:53', '2020-08-28 09:17:53'),
(792, 1, 17, 'اشکنان', 1, NULL, '2020-08-28 09:17:53', '2020-08-28 09:17:53'),
(793, 1, 17, 'اهل', 1, NULL, '2020-08-28 09:17:53', '2020-08-28 09:17:53'),
(794, 1, 17, 'علامرودشت', 1, NULL, '2020-08-28 09:17:53', '2020-08-28 09:17:53'),
(795, 1, 17, 'لامرد', 1, NULL, '2020-08-28 09:17:53', '2020-08-28 09:17:53'),
(796, 1, 17, 'خانیمن', 1, NULL, '2020-08-28 09:17:53', '2020-08-28 09:17:53'),
(797, 1, 17, 'رامجرد', 1, NULL, '2020-08-28 09:17:53', '2020-08-28 09:17:53'),
(798, 1, 17, 'سیدان', 1, NULL, '2020-08-28 09:17:54', '2020-08-28 09:17:54'),
(799, 1, 17, 'کامفیروز', 1, NULL, '2020-08-28 09:17:54', '2020-08-28 09:17:54'),
(800, 1, 17, 'مرودشت', 1, NULL, '2020-08-28 09:17:54', '2020-08-28 09:17:54'),
(801, 1, 17, 'بابامنیر', 1, NULL, '2020-08-28 09:17:54', '2020-08-28 09:17:54'),
(802, 1, 17, 'خومه زار', 1, NULL, '2020-08-28 09:17:54', '2020-08-28 09:17:54'),
(803, 1, 17, 'نورآباد', 1, NULL, '2020-08-28 09:17:54', '2020-08-28 09:17:54'),
(804, 1, 17, 'اسیر', 1, NULL, '2020-08-28 09:17:54', '2020-08-28 09:17:54'),
(805, 1, 17, 'خوزی', 1, NULL, '2020-08-28 09:17:54', '2020-08-28 09:17:54'),
(806, 1, 17, 'گله دار', 1, NULL, '2020-08-28 09:17:54', '2020-08-28 09:17:54'),
(807, 1, 17, 'مهر', 1, NULL, '2020-08-28 09:17:54', '2020-08-28 09:17:54'),
(808, 1, 17, 'وراوی', 1, NULL, '2020-08-28 09:17:54', '2020-08-28 09:17:54'),
(809, 1, 17, 'آباده طشک', 1, NULL, '2020-08-28 09:17:54', '2020-08-28 09:17:54'),
(810, 1, 17, 'قطرویه', 1, NULL, '2020-08-28 09:17:54', '2020-08-28 09:17:54'),
(811, 1, 17, 'مشکان', 1, NULL, '2020-08-28 09:17:54', '2020-08-28 09:17:54'),
(812, 1, 17, 'نی ریز', 1, NULL, '2020-08-28 09:17:54', '2020-08-28 09:17:54'),
(813, 1, 18, 'آبیک', 1, NULL, '2020-08-28 09:17:54', '2020-08-28 09:17:54'),
(814, 1, 18, 'خاکعلی', 1, NULL, '2020-08-28 09:17:54', '2020-08-28 09:17:54'),
(815, 1, 18, 'آبگرم', 1, NULL, '2020-08-28 09:17:54', '2020-08-28 09:17:54'),
(816, 1, 18, 'آوج', 1, NULL, '2020-08-28 09:17:54', '2020-08-28 09:17:54'),
(817, 1, 18, 'الوند', 1, NULL, '2020-08-28 09:17:54', '2020-08-28 09:17:54'),
(818, 1, 18, 'بیدستان', 1, NULL, '2020-08-28 09:17:54', '2020-08-28 09:17:54'),
(819, 1, 18, 'شریفیه', 1, NULL, '2020-08-28 09:17:54', '2020-08-28 09:17:54'),
(820, 1, 18, 'محمدیه', 1, NULL, '2020-08-28 09:17:54', '2020-08-28 09:17:54'),
(821, 1, 18, 'ارداق', 1, NULL, '2020-08-28 09:17:54', '2020-08-28 09:17:54'),
(822, 1, 18, 'بویین زهرا', 1, NULL, '2020-08-28 09:17:54', '2020-08-28 09:17:54'),
(823, 1, 18, 'دانسفهان', 1, NULL, '2020-08-28 09:17:54', '2020-08-28 09:17:54'),
(824, 1, 18, 'سگزآباد', 1, NULL, '2020-08-28 09:17:54', '2020-08-28 09:17:54'),
(825, 1, 18, 'شال', 1, NULL, '2020-08-28 09:17:54', '2020-08-28 09:17:54'),
(826, 1, 18, 'اسفرورین', 1, NULL, '2020-08-28 09:17:54', '2020-08-28 09:17:54'),
(827, 1, 18, 'تاکستان', 1, NULL, '2020-08-28 09:17:54', '2020-08-28 09:17:54'),
(828, 1, 18, 'خرمدشت', 1, NULL, '2020-08-28 09:17:54', '2020-08-28 09:17:54'),
(829, 1, 18, 'ضیاڈآباد', 1, NULL, '2020-08-28 09:17:54', '2020-08-28 09:17:54'),
(830, 1, 18, 'نرجه', 1, NULL, '2020-08-28 09:17:54', '2020-08-28 09:17:54'),
(831, 1, 18, 'اقبالیه', 1, NULL, '2020-08-28 09:17:54', '2020-08-28 09:17:54'),
(832, 1, 18, 'رازمیان', 1, NULL, '2020-08-28 09:17:54', '2020-08-28 09:17:54'),
(833, 1, 18, 'سیردان', 1, NULL, '2020-08-28 09:17:54', '2020-08-28 09:17:54'),
(834, 1, 18, 'قزوین', 1, NULL, '2020-08-28 09:17:54', '2020-08-28 09:17:54'),
(835, 1, 18, 'کوهین', 1, NULL, '2020-08-28 09:17:54', '2020-08-28 09:17:54'),
(836, 1, 18, 'محمودآبادنمونه', 1, NULL, '2020-08-28 09:17:54', '2020-08-28 09:17:54'),
(837, 1, 18, 'معلم کلایه', 1, NULL, '2020-08-28 09:17:55', '2020-08-28 09:17:55'),
(838, 1, 19, 'جعفریه', 1, NULL, '2020-08-28 09:17:55', '2020-08-28 09:17:55'),
(839, 1, 19, 'دستجرد', 1, NULL, '2020-08-28 09:17:55', '2020-08-28 09:17:55'),
(840, 1, 19, 'سلفچگان', 1, NULL, '2020-08-28 09:17:55', '2020-08-28 09:17:55'),
(841, 1, 19, 'قم', 1, NULL, '2020-08-28 09:17:55', '2020-08-28 09:17:55'),
(842, 1, 19, 'قنوات', 1, NULL, '2020-08-28 09:17:55', '2020-08-28 09:17:55'),
(843, 1, 19, 'کهک', 1, NULL, '2020-08-28 09:17:55', '2020-08-28 09:17:55'),
(844, 1, 20, 'آرمرده', 1, NULL, '2020-08-28 09:17:55', '2020-08-28 09:17:55'),
(845, 1, 20, 'بانه', 1, NULL, '2020-08-28 09:17:55', '2020-08-28 09:17:55'),
(846, 1, 20, 'بویین سفلی', 1, NULL, '2020-08-28 09:17:55', '2020-08-28 09:17:55'),
(847, 1, 20, 'کانی سور', 1, NULL, '2020-08-28 09:17:55', '2020-08-28 09:17:55'),
(848, 1, 20, 'بابارشانی', 1, NULL, '2020-08-28 09:17:55', '2020-08-28 09:17:55'),
(849, 1, 20, 'بیجار', 1, NULL, '2020-08-28 09:17:55', '2020-08-28 09:17:55'),
(850, 1, 20, 'پیرتاج', 1, NULL, '2020-08-28 09:17:55', '2020-08-28 09:17:55'),
(851, 1, 20, 'توپ آغاج', 1, NULL, '2020-08-28 09:17:55', '2020-08-28 09:17:55'),
(852, 1, 20, 'یاسوکند', 1, NULL, '2020-08-28 09:17:55', '2020-08-28 09:17:55'),
(853, 1, 20, 'بلبان آباد', 1, NULL, '2020-08-28 09:17:55', '2020-08-28 09:17:55'),
(854, 1, 20, 'دهگلان', 1, NULL, '2020-08-28 09:17:55', '2020-08-28 09:17:55'),
(855, 1, 20, 'دیواندره', 1, NULL, '2020-08-28 09:17:55', '2020-08-28 09:17:55'),
(856, 1, 20, 'زرینه', 1, NULL, '2020-08-28 09:17:55', '2020-08-28 09:17:55'),
(857, 1, 20, 'اورامان تخت', 1, NULL, '2020-08-28 09:17:55', '2020-08-28 09:17:55'),
(858, 1, 20, 'سروآباد', 1, NULL, '2020-08-28 09:17:55', '2020-08-28 09:17:55'),
(859, 1, 20, 'سقز', 1, NULL, '2020-08-28 09:17:55', '2020-08-28 09:17:55'),
(860, 1, 20, 'صاحب', 1, NULL, '2020-08-28 09:17:55', '2020-08-28 09:17:55'),
(861, 1, 20, 'سنندج', 1, NULL, '2020-08-28 09:17:55', '2020-08-28 09:17:55'),
(862, 1, 20, 'شویشه', 1, NULL, '2020-08-28 09:17:55', '2020-08-28 09:17:55'),
(863, 1, 20, 'دزج', 1, NULL, '2020-08-28 09:17:55', '2020-08-28 09:17:55'),
(864, 1, 20, 'دلبران', 1, NULL, '2020-08-28 09:17:55', '2020-08-28 09:17:55'),
(865, 1, 20, 'سریش آباد', 1, NULL, '2020-08-28 09:17:55', '2020-08-28 09:17:55'),
(866, 1, 20, 'قروه', 1, NULL, '2020-08-28 09:17:55', '2020-08-28 09:17:55'),
(867, 1, 20, 'کامیاران', 1, NULL, '2020-08-28 09:17:56', '2020-08-28 09:17:56'),
(868, 1, 20, 'موچش', 1, NULL, '2020-08-28 09:17:56', '2020-08-28 09:17:56'),
(869, 1, 20, 'برده رشه', 1, NULL, '2020-08-28 09:17:56', '2020-08-28 09:17:56'),
(870, 1, 20, 'چناره', 1, NULL, '2020-08-28 09:17:56', '2020-08-28 09:17:56'),
(871, 1, 20, 'کانی دینار', 1, NULL, '2020-08-28 09:17:56', '2020-08-28 09:17:56'),
(872, 1, 20, 'مریوان', 1, NULL, '2020-08-28 09:17:56', '2020-08-28 09:17:56'),
(873, 1, 21, 'ارزوییه', 1, NULL, '2020-08-28 09:17:56', '2020-08-28 09:17:56'),
(874, 1, 21, 'امین شهر', 1, NULL, '2020-08-28 09:17:56', '2020-08-28 09:17:56'),
(875, 1, 21, 'انار', 1, NULL, '2020-08-28 09:17:56', '2020-08-28 09:17:56'),
(876, 1, 21, 'بافت', 1, NULL, '2020-08-28 09:17:56', '2020-08-28 09:17:56'),
(877, 1, 21, 'بزنجان', 1, NULL, '2020-08-28 09:17:56', '2020-08-28 09:17:56'),
(878, 1, 21, 'بردسیر', 1, NULL, '2020-08-28 09:17:56', '2020-08-28 09:17:56'),
(879, 1, 21, 'دشتکار', 1, NULL, '2020-08-28 09:17:56', '2020-08-28 09:17:56'),
(880, 1, 21, 'گلزار', 1, NULL, '2020-08-28 09:17:56', '2020-08-28 09:17:56'),
(881, 1, 21, 'لاله زار', 1, NULL, '2020-08-28 09:17:56', '2020-08-28 09:17:56'),
(882, 1, 21, 'نگار', 1, NULL, '2020-08-28 09:17:56', '2020-08-28 09:17:56'),
(883, 1, 21, 'بروات', 1, NULL, '2020-08-28 09:17:56', '2020-08-28 09:17:56'),
(884, 1, 21, 'بم', 1, NULL, '2020-08-28 09:17:56', '2020-08-28 09:17:56'),
(885, 1, 21, 'بلوک', 1, NULL, '2020-08-28 09:17:56', '2020-08-28 09:17:56'),
(886, 1, 21, 'جبالبارز', 1, NULL, '2020-08-28 09:17:56', '2020-08-28 09:17:56'),
(887, 1, 21, 'جیرفت', 1, NULL, '2020-08-28 09:17:56', '2020-08-28 09:17:56'),
(888, 1, 21, 'درب بهشت', 1, NULL, '2020-08-28 09:17:56', '2020-08-28 09:17:56'),
(889, 1, 21, 'رابر', 1, NULL, '2020-08-28 09:17:56', '2020-08-28 09:17:56'),
(890, 1, 21, 'هنزا', 1, NULL, '2020-08-28 09:17:56', '2020-08-28 09:17:56'),
(891, 1, 21, 'راور', 1, NULL, '2020-08-28 09:17:56', '2020-08-28 09:17:56'),
(892, 1, 21, 'هجدک', 1, NULL, '2020-08-28 09:17:56', '2020-08-28 09:17:56'),
(893, 1, 21, 'بهرمان', 1, NULL, '2020-08-28 09:17:56', '2020-08-28 09:17:56'),
(894, 1, 21, 'رفسنجان', 1, NULL, '2020-08-28 09:17:57', '2020-08-28 09:17:57'),
(895, 1, 21, 'صفاییه', 1, NULL, '2020-08-28 09:17:57', '2020-08-28 09:17:57'),
(896, 1, 21, 'کشکوییه', 1, NULL, '2020-08-28 09:17:57', '2020-08-28 09:17:57'),
(897, 1, 21, 'مس سرچشمه', 1, NULL, '2020-08-28 09:17:57', '2020-08-28 09:17:57'),
(898, 1, 21, 'رودبار', 1, NULL, '2020-08-28 09:17:57', '2020-08-28 09:17:57'),
(899, 1, 21, 'زهکلوت', 1, NULL, '2020-08-28 09:17:57', '2020-08-28 09:17:57'),
(900, 1, 21, 'گنبکی', 1, NULL, '2020-08-28 09:17:57', '2020-08-28 09:17:57'),
(901, 1, 21, 'محمدآباد', 1, NULL, '2020-08-28 09:17:57', '2020-08-28 09:17:57'),
(902, 1, 21, 'خانوک', 1, NULL, '2020-08-28 09:17:57', '2020-08-28 09:17:57'),
(903, 1, 21, 'ریحان', 1, NULL, '2020-08-28 09:17:57', '2020-08-28 09:17:57'),
(904, 1, 21, 'زرند', 1, NULL, '2020-08-28 09:17:57', '2020-08-28 09:17:57'),
(905, 1, 21, 'یزدان شهر', 1, NULL, '2020-08-28 09:17:57', '2020-08-28 09:17:57'),
(906, 1, 21, 'بلورد', 1, NULL, '2020-08-28 09:17:57', '2020-08-28 09:17:57'),
(907, 1, 21, 'پاریز', 1, NULL, '2020-08-28 09:17:57', '2020-08-28 09:17:57'),
(908, 1, 21, 'خواجو شهر', 1, NULL, '2020-08-28 09:17:57', '2020-08-28 09:17:57'),
(909, 1, 21, 'زیدآباد', 1, NULL, '2020-08-28 09:17:57', '2020-08-28 09:17:57'),
(910, 1, 21, 'سیرجان', 1, NULL, '2020-08-28 09:17:57', '2020-08-28 09:17:57'),
(911, 1, 21, 'نجف شهر', 1, NULL, '2020-08-28 09:17:57', '2020-08-28 09:17:57'),
(912, 1, 21, 'هماشهر', 1, NULL, '2020-08-28 09:17:57', '2020-08-28 09:17:57'),
(913, 1, 21, 'جوزم', 1, NULL, '2020-08-28 09:17:57', '2020-08-28 09:17:57'),
(914, 1, 21, 'خاتون اباد', 1, NULL, '2020-08-28 09:17:57', '2020-08-28 09:17:57'),
(915, 1, 21, 'خورسند', 1, NULL, '2020-08-28 09:17:57', '2020-08-28 09:17:57'),
(916, 1, 21, 'دهج', 1, NULL, '2020-08-28 09:17:57', '2020-08-28 09:17:57'),
(917, 1, 21, 'شهربابک', 1, NULL, '2020-08-28 09:17:57', '2020-08-28 09:17:57'),
(918, 1, 21, 'دوساری', 1, NULL, '2020-08-28 09:17:57', '2020-08-28 09:17:57'),
(919, 1, 21, 'عنبرآباد', 1, NULL, '2020-08-28 09:17:57', '2020-08-28 09:17:57'),
(920, 1, 21, 'مردهک', 1, NULL, '2020-08-28 09:17:57', '2020-08-28 09:17:57'),
(921, 1, 21, 'فاریاب', 1, NULL, '2020-08-28 09:17:57', '2020-08-28 09:17:57'),
(922, 1, 21, 'فهرج', 1, NULL, '2020-08-28 09:17:57', '2020-08-28 09:17:57'),
(923, 1, 21, 'قلعه گنج', 1, NULL, '2020-08-28 09:17:57', '2020-08-28 09:17:57'),
(924, 1, 21, 'اختیارآباد', 1, NULL, '2020-08-28 09:17:57', '2020-08-28 09:17:57'),
(925, 1, 21, 'اندوهجرد', 1, NULL, '2020-08-28 09:17:57', '2020-08-28 09:17:57'),
(926, 1, 21, 'باغین', 1, NULL, '2020-08-28 09:17:57', '2020-08-28 09:17:57'),
(927, 1, 21, 'جوپار', 1, NULL, '2020-08-28 09:17:57', '2020-08-28 09:17:57'),
(928, 1, 21, 'چترود', 1, NULL, '2020-08-28 09:17:57', '2020-08-28 09:17:57'),
(929, 1, 21, 'راین', 1, NULL, '2020-08-28 09:17:57', '2020-08-28 09:17:57'),
(930, 1, 21, 'زنگی آباد', 1, NULL, '2020-08-28 09:17:58', '2020-08-28 09:17:58'),
(931, 1, 21, 'شهداد', 1, NULL, '2020-08-28 09:17:58', '2020-08-28 09:17:58'),
(932, 1, 21, 'کاظم آباد', 1, NULL, '2020-08-28 09:17:58', '2020-08-28 09:17:58'),
(933, 1, 21, 'کرمان', 1, NULL, '2020-08-28 09:17:58', '2020-08-28 09:17:58'),
(934, 1, 21, 'گلباف', 1, NULL, '2020-08-28 09:17:58', '2020-08-28 09:17:58'),
(935, 1, 21, 'ماهان', 1, NULL, '2020-08-28 09:17:58', '2020-08-28 09:17:58'),
(936, 1, 21, 'محی آباد', 1, NULL, '2020-08-28 09:17:58', '2020-08-28 09:17:58'),
(937, 1, 21, 'کوهبنان', 1, NULL, '2020-08-28 09:17:58', '2020-08-28 09:17:58'),
(938, 1, 21, 'کیانشهر', 1, NULL, '2020-08-28 09:17:58', '2020-08-28 09:17:58'),
(939, 1, 21, 'کهنوج', 1, NULL, '2020-08-28 09:17:58', '2020-08-28 09:17:58'),
(940, 1, 21, 'منوجان', 1, NULL, '2020-08-28 09:17:58', '2020-08-28 09:17:58'),
(941, 1, 21, 'نودژ', 1, NULL, '2020-08-28 09:17:58', '2020-08-28 09:17:58'),
(942, 1, 21, 'نرماشیر', 1, NULL, '2020-08-28 09:17:58', '2020-08-28 09:17:58'),
(943, 1, 21, 'نظام شهر', 1, NULL, '2020-08-28 09:17:58', '2020-08-28 09:17:58'),
(944, 1, 22, 'اسلام آبادغرب', 1, NULL, '2020-08-28 09:17:58', '2020-08-28 09:17:58'),
(945, 1, 22, 'حمیل', 1, NULL, '2020-08-28 09:17:58', '2020-08-28 09:17:58'),
(946, 1, 22, 'بانوره', 1, NULL, '2020-08-28 09:17:58', '2020-08-28 09:17:58'),
(947, 1, 22, 'باینگان', 1, NULL, '2020-08-28 09:17:58', '2020-08-28 09:17:58'),
(948, 1, 22, 'پاوه', 1, NULL, '2020-08-28 09:17:58', '2020-08-28 09:17:58'),
(949, 1, 22, 'نودشه', 1, NULL, '2020-08-28 09:17:58', '2020-08-28 09:17:58'),
(950, 1, 22, 'نوسود', 1, NULL, '2020-08-28 09:17:58', '2020-08-28 09:17:58'),
(951, 1, 22, 'ازگله', 1, NULL, '2020-08-28 09:17:58', '2020-08-28 09:17:58'),
(952, 1, 22, 'تازه آباد', 1, NULL, '2020-08-28 09:17:58', '2020-08-28 09:17:58'),
(953, 1, 22, 'جوانرود', 1, NULL, '2020-08-28 09:17:58', '2020-08-28 09:17:58'),
(954, 1, 22, 'ریجاب', 1, NULL, '2020-08-28 09:17:58', '2020-08-28 09:17:58'),
(955, 1, 22, 'کرند', 1, NULL, '2020-08-28 09:17:59', '2020-08-28 09:17:59'),
(956, 1, 22, 'گهواره', 1, NULL, '2020-08-28 09:17:59', '2020-08-28 09:17:59'),
(957, 1, 22, 'روانسر', 1, NULL, '2020-08-28 09:17:59', '2020-08-28 09:17:59'),
(958, 1, 22, 'شاهو', 1, NULL, '2020-08-28 09:17:59', '2020-08-28 09:17:59'),
(959, 1, 22, 'سرپل ذهاب', 1, NULL, '2020-08-28 09:17:59', '2020-08-28 09:17:59'),
(960, 1, 22, 'سطر', 1, NULL, '2020-08-28 09:17:59', '2020-08-28 09:17:59'),
(961, 1, 22, 'سنقر', 1, NULL, '2020-08-28 09:17:59', '2020-08-28 09:17:59'),
(962, 1, 22, 'صحنه', 1, NULL, '2020-08-28 09:17:59', '2020-08-28 09:17:59'),
(963, 1, 22, 'میان راهان', 1, NULL, '2020-08-28 09:17:59', '2020-08-28 09:17:59'),
(964, 1, 22, 'سومار', 1, NULL, '2020-08-28 09:17:59', '2020-08-28 09:17:59'),
(965, 1, 22, 'قصرشیرین', 1, NULL, '2020-08-28 09:17:59', '2020-08-28 09:17:59'),
(966, 1, 22, 'رباط', 1, NULL, '2020-08-28 09:17:59', '2020-08-28 09:17:59'),
(967, 1, 22, 'کرمانشاه', 1, NULL, '2020-08-28 09:17:59', '2020-08-28 09:17:59'),
(968, 1, 22, 'کوزران', 1, NULL, '2020-08-28 09:17:59', '2020-08-28 09:17:59'),
(969, 1, 22, 'هلشی', 1, NULL, '2020-08-28 09:17:59', '2020-08-28 09:17:59'),
(970, 1, 22, 'کنگاور', 1, NULL, '2020-08-28 09:17:59', '2020-08-28 09:17:59'),
(971, 1, 22, 'گودین', 1, NULL, '2020-08-28 09:17:59', '2020-08-28 09:17:59'),
(972, 1, 22, 'سرمست', 1, NULL, '2020-08-28 09:17:59', '2020-08-28 09:17:59'),
(973, 1, 22, 'گیلانغرب', 1, NULL, '2020-08-28 09:17:59', '2020-08-28 09:17:59'),
(974, 1, 22, 'بیستون', 1, NULL, '2020-08-28 09:17:59', '2020-08-28 09:17:59'),
(975, 1, 22, 'هرسین', 1, NULL, '2020-08-28 09:17:59', '2020-08-28 09:17:59'),
(976, 1, 23, 'باشت', 1, NULL, '2020-08-28 09:17:59', '2020-08-28 09:17:59'),
(977, 1, 23, 'چیتاب', 1, NULL, '2020-08-28 09:17:59', '2020-08-28 09:17:59'),
(978, 1, 23, 'گراب سفلی', 1, NULL, '2020-08-28 09:18:00', '2020-08-28 09:18:00'),
(979, 1, 23, 'مادوان', 1, NULL, '2020-08-28 09:18:00', '2020-08-28 09:18:00'),
(980, 1, 23, 'مارگون', 1, NULL, '2020-08-28 09:18:00', '2020-08-28 09:18:00'),
(981, 1, 23, 'یاسوج', 1, NULL, '2020-08-28 09:18:00', '2020-08-28 09:18:00'),
(982, 1, 23, 'لیکک', 1, NULL, '2020-08-28 09:18:00', '2020-08-28 09:18:00'),
(983, 1, 23, 'چرام', 1, NULL, '2020-08-28 09:18:00', '2020-08-28 09:18:00'),
(984, 1, 23, 'سرفاریاب', 1, NULL, '2020-08-28 09:18:00', '2020-08-28 09:18:00'),
(985, 1, 23, 'پاتاوه', 1, NULL, '2020-08-28 09:18:00', '2020-08-28 09:18:00'),
(986, 1, 23, 'سی سخت', 1, NULL, '2020-08-28 09:18:00', '2020-08-28 09:18:00'),
(987, 1, 23, 'دهدشت', 1, NULL, '2020-08-28 09:18:00', '2020-08-28 09:18:00'),
(988, 1, 23, 'دیشموک', 1, NULL, '2020-08-28 09:18:00', '2020-08-28 09:18:00'),
(989, 1, 23, 'سوق', 1, NULL, '2020-08-28 09:18:00', '2020-08-28 09:18:00'),
(990, 1, 23, 'قلعه رییسی', 1, NULL, '2020-08-28 09:18:00', '2020-08-28 09:18:00'),
(991, 1, 23, 'دوگنبدان', 1, NULL, '2020-08-28 09:18:00', '2020-08-28 09:18:00'),
(992, 1, 23, 'لنده', 1, NULL, '2020-08-28 09:18:00', '2020-08-28 09:18:00'),
(993, 1, 24, 'آزادشهر', 1, NULL, '2020-08-28 09:18:00', '2020-08-28 09:18:00'),
(994, 1, 24, 'نگین شهر', 1, NULL, '2020-08-28 09:18:00', '2020-08-28 09:18:00'),
(995, 1, 24, 'نوده خاندوز', 1, NULL, '2020-08-28 09:18:00', '2020-08-28 09:18:00'),
(996, 1, 24, 'آق قلا', 1, NULL, '2020-08-28 09:18:00', '2020-08-28 09:18:00'),
(997, 1, 24, 'انبارآلوم', 1, NULL, '2020-08-28 09:18:00', '2020-08-28 09:18:00'),
(998, 1, 24, 'بندرگز', 1, NULL, '2020-08-28 09:18:00', '2020-08-28 09:18:00'),
(999, 1, 24, 'نوکنده', 1, NULL, '2020-08-28 09:18:00', '2020-08-28 09:18:00'),
(1000, 1, 24, 'بندرترکمن', 1, NULL, '2020-08-28 09:18:00', '2020-08-28 09:18:00'),
(1001, 1, 24, 'تاتارعلیا', 1, NULL, '2020-08-28 09:18:00', '2020-08-28 09:18:00'),
(1002, 1, 24, 'خان ببین', 1, NULL, '2020-08-28 09:18:00', '2020-08-28 09:18:00'),
(1003, 1, 24, 'دلند', 1, NULL, '2020-08-28 09:18:00', '2020-08-28 09:18:00'),
(1004, 1, 24, 'رامیان', 1, NULL, '2020-08-28 09:18:00', '2020-08-28 09:18:00'),
(1005, 1, 24, 'سنگدوین', 1, NULL, '2020-08-28 09:18:00', '2020-08-28 09:18:00'),
(1006, 1, 24, 'علی اباد', 1, NULL, '2020-08-28 09:18:00', '2020-08-28 09:18:00'),
(1007, 1, 24, 'فاضل آباد', 1, NULL, '2020-08-28 09:18:00', '2020-08-28 09:18:00'),
(1008, 1, 24, 'مزرعه', 1, NULL, '2020-08-28 09:18:01', '2020-08-28 09:18:01'),
(1009, 1, 24, 'کردکوی', 1, NULL, '2020-08-28 09:18:01', '2020-08-28 09:18:01'),
(1010, 1, 24, 'فراغی', 1, NULL, '2020-08-28 09:18:01', '2020-08-28 09:18:01'),
(1011, 1, 24, 'کلاله', 1, NULL, '2020-08-28 09:18:01', '2020-08-28 09:18:01'),
(1012, 1, 24, 'گالیکش', 1, NULL, '2020-08-28 09:18:01', '2020-08-28 09:18:01'),
(1013, 1, 24, 'جلین', 1, NULL, '2020-08-28 09:18:01', '2020-08-28 09:18:01'),
(1014, 1, 24, 'سرخنکلاته', 1, NULL, '2020-08-28 09:18:01', '2020-08-28 09:18:01'),
(1015, 1, 24, 'گرگان', 1, NULL, '2020-08-28 09:18:01', '2020-08-28 09:18:01'),
(1016, 1, 24, 'سیمین شهر', 1, NULL, '2020-08-28 09:18:01', '2020-08-28 09:18:01'),
(1017, 1, 24, 'گمیش تپه', 1, NULL, '2020-08-28 09:18:01', '2020-08-28 09:18:01'),
(1018, 1, 24, 'اینچه برون', 1, NULL, '2020-08-28 09:18:01', '2020-08-28 09:18:01'),
(1019, 1, 24, 'گنبدکاووس', 1, NULL, '2020-08-28 09:18:01', '2020-08-28 09:18:01'),
(1020, 1, 24, 'مراوه', 1, NULL, '2020-08-28 09:18:01', '2020-08-28 09:18:01'),
(1021, 1, 24, 'مینودشت', 1, NULL, '2020-08-28 09:18:01', '2020-08-28 09:18:01'),
(1022, 1, 25, 'آستارا', 1, NULL, '2020-08-28 09:18:01', '2020-08-28 09:18:01'),
(1023, 1, 25, 'لوندویل', 1, NULL, '2020-08-28 09:18:01', '2020-08-28 09:18:01'),
(1024, 1, 25, 'آستانه اشرفیه', 1, NULL, '2020-08-28 09:18:01', '2020-08-28 09:18:01'),
(1025, 1, 25, 'کیاشهر', 1, NULL, '2020-08-28 09:18:01', '2020-08-28 09:18:01'),
(1026, 1, 25, 'املش', 1, NULL, '2020-08-28 09:18:01', '2020-08-28 09:18:01'),
(1027, 1, 25, 'رانکوه', 1, NULL, '2020-08-28 09:18:01', '2020-08-28 09:18:01'),
(1028, 1, 25, 'بندرانزلی', 1, NULL, '2020-08-28 09:18:01', '2020-08-28 09:18:01'),
(1029, 1, 25, 'خشکبیجار', 1, NULL, '2020-08-28 09:18:01', '2020-08-28 09:18:01'),
(1030, 1, 25, 'خمام', 1, NULL, '2020-08-28 09:18:01', '2020-08-28 09:18:01'),
(1031, 1, 25, 'رشت', 1, NULL, '2020-08-28 09:18:01', '2020-08-28 09:18:01'),
(1032, 1, 25, 'سنگر', 1, NULL, '2020-08-28 09:18:01', '2020-08-28 09:18:01'),
(1033, 1, 25, 'کوچصفهان', 1, NULL, '2020-08-28 09:18:01', '2020-08-28 09:18:01'),
(1034, 1, 25, 'لشت نشاء', 1, NULL, '2020-08-28 09:18:01', '2020-08-28 09:18:01'),
(1035, 1, 25, 'لولمان', 1, NULL, '2020-08-28 09:18:01', '2020-08-28 09:18:01'),
(1036, 1, 25, 'پره سر', 1, NULL, '2020-08-28 09:18:01', '2020-08-28 09:18:01'),
(1037, 1, 25, 'رضوانشهر', 1, NULL, '2020-08-28 09:18:01', '2020-08-28 09:18:01'),
(1038, 1, 25, 'بره سر', 1, NULL, '2020-08-28 09:18:01', '2020-08-28 09:18:01'),
(1039, 1, 25, 'توتکابن', 1, NULL, '2020-08-28 09:18:01', '2020-08-28 09:18:01'),
(1040, 1, 25, 'جیرنده', 1, NULL, '2020-08-28 09:18:01', '2020-08-28 09:18:01'),
(1041, 1, 25, 'رستم آباد', 1, NULL, '2020-08-28 09:18:01', '2020-08-28 09:18:01'),
(1042, 1, 25, 'رودبار', 1, NULL, '2020-08-28 09:18:02', '2020-08-28 09:18:02'),
(1043, 1, 25, 'لوشان', 1, NULL, '2020-08-28 09:18:02', '2020-08-28 09:18:02'),
(1044, 1, 25, 'منجیل', 1, NULL, '2020-08-28 09:18:02', '2020-08-28 09:18:02'),
(1045, 1, 25, 'چابکسر', 1, NULL, '2020-08-28 09:18:02', '2020-08-28 09:18:02'),
(1046, 1, 25, 'رحیم آباد', 1, NULL, '2020-08-28 09:18:02', '2020-08-28 09:18:02'),
(1047, 1, 25, 'رودسر', 1, NULL, '2020-08-28 09:18:02', '2020-08-28 09:18:02'),
(1048, 1, 25, 'کلاچای', 1, NULL, '2020-08-28 09:18:02', '2020-08-28 09:18:02'),
(1049, 1, 25, 'واجارگاه', 1, NULL, '2020-08-28 09:18:02', '2020-08-28 09:18:02'),
(1050, 1, 25, 'دیلمان', 1, NULL, '2020-08-28 09:18:02', '2020-08-28 09:18:02'),
(1051, 1, 25, 'سیاهکل', 1, NULL, '2020-08-28 09:18:02', '2020-08-28 09:18:02'),
(1052, 1, 25, 'احمدسرگوراب', 1, NULL, '2020-08-28 09:18:02', '2020-08-28 09:18:02'),
(1053, 1, 25, 'شفت', 1, NULL, '2020-08-28 09:18:02', '2020-08-28 09:18:02'),
(1054, 1, 25, 'صومعه سرا', 1, NULL, '2020-08-28 09:18:02', '2020-08-28 09:18:02'),
(1055, 1, 25, 'گوراب زرمیخ', 1, NULL, '2020-08-28 09:18:02', '2020-08-28 09:18:02'),
(1056, 1, 25, 'مرجقل', 1, NULL, '2020-08-28 09:18:02', '2020-08-28 09:18:02'),
(1057, 1, 25, 'اسالم', 1, NULL, '2020-08-28 09:18:02', '2020-08-28 09:18:02'),
(1058, 1, 25, 'چوبر', 1, NULL, '2020-08-28 09:18:02', '2020-08-28 09:18:02'),
(1059, 1, 25, 'حویق', 1, NULL, '2020-08-28 09:18:02', '2020-08-28 09:18:02'),
(1060, 1, 25, 'لیسار', 1, NULL, '2020-08-28 09:18:02', '2020-08-28 09:18:02'),
(1061, 1, 25, 'هشتپر (تالش)', 1, NULL, '2020-08-28 09:18:02', '2020-08-28 09:18:02'),
(1062, 1, 25, 'فومن', 1, NULL, '2020-08-28 09:18:02', '2020-08-28 09:18:02'),
(1063, 1, 25, 'ماسوله', 1, NULL, '2020-08-28 09:18:02', '2020-08-28 09:18:02'),
(1064, 1, 25, 'ماکلوان', 1, NULL, '2020-08-28 09:18:02', '2020-08-28 09:18:02'),
(1065, 1, 25, 'رودبنه', 1, NULL, '2020-08-28 09:18:02', '2020-08-28 09:18:02'),
(1066, 1, 25, 'لاهیجان', 1, NULL, '2020-08-28 09:18:02', '2020-08-28 09:18:02'),
(1067, 1, 25, 'اطاقور', 1, NULL, '2020-08-28 09:18:02', '2020-08-28 09:18:02'),
(1068, 1, 25, 'چاف و چمخاله', 1, NULL, '2020-08-28 09:18:03', '2020-08-28 09:18:03'),
(1069, 1, 25, 'شلمان', 1, NULL, '2020-08-28 09:18:03', '2020-08-28 09:18:03'),
(1070, 1, 25, 'کومله', 1, NULL, '2020-08-28 09:18:03', '2020-08-28 09:18:03'),
(1071, 1, 25, 'لنگرود', 1, NULL, '2020-08-28 09:18:03', '2020-08-28 09:18:03'),
(1072, 1, 25, 'بازار جمعه', 1, NULL, '2020-08-28 09:18:03', '2020-08-28 09:18:03'),
(1073, 1, 25, 'ماسال', 1, NULL, '2020-08-28 09:18:03', '2020-08-28 09:18:03'),
(1074, 1, 26, 'ازنا', 1, NULL, '2020-08-28 09:18:03', '2020-08-28 09:18:03'),
(1075, 1, 26, 'مومن آباد', 1, NULL, '2020-08-28 09:18:03', '2020-08-28 09:18:03'),
(1076, 1, 26, 'الیگودرز', 1, NULL, '2020-08-28 09:18:03', '2020-08-28 09:18:03'),
(1077, 1, 26, 'شول آباد', 1, NULL, '2020-08-28 09:18:03', '2020-08-28 09:18:03'),
(1078, 1, 26, 'اشترینان', 1, NULL, '2020-08-28 09:18:03', '2020-08-28 09:18:03'),
(1079, 1, 26, 'بروجرد', 1, NULL, '2020-08-28 09:18:03', '2020-08-28 09:18:03'),
(1080, 1, 26, 'پلدختر', 1, NULL, '2020-08-28 09:18:03', '2020-08-28 09:18:03'),
(1081, 1, 26, 'معمولان', 1, NULL, '2020-08-28 09:18:03', '2020-08-28 09:18:03'),
(1082, 1, 26, 'بیران شهر', 1, NULL, '2020-08-28 09:18:03', '2020-08-28 09:18:03'),
(1083, 1, 26, 'خرم آباد', 1, NULL, '2020-08-28 09:18:03', '2020-08-28 09:18:03'),
(1084, 1, 26, 'زاغه', 1, NULL, '2020-08-28 09:18:03', '2020-08-28 09:18:03'),
(1085, 1, 26, 'سپیددشت', 1, NULL, '2020-08-28 09:18:03', '2020-08-28 09:18:03'),
(1086, 1, 26, 'نورآباد', 1, NULL, '2020-08-28 09:18:03', '2020-08-28 09:18:03'),
(1087, 1, 26, 'هفت چشمه', 1, NULL, '2020-08-28 09:18:03', '2020-08-28 09:18:03'),
(1088, 1, 26, 'چالانچولان', 1, NULL, '2020-08-28 09:18:03', '2020-08-28 09:18:03'),
(1089, 1, 26, 'دورود', 1, NULL, '2020-08-28 09:18:03', '2020-08-28 09:18:03'),
(1090, 1, 26, 'سراب دوره', 1, NULL, '2020-08-28 09:18:03', '2020-08-28 09:18:03'),
(1091, 1, 26, 'ویسیان', 1, NULL, '2020-08-28 09:18:03', '2020-08-28 09:18:03'),
(1092, 1, 26, 'چقابل', 1, NULL, '2020-08-28 09:18:03', '2020-08-28 09:18:03'),
(1093, 1, 26, 'الشتر', 1, NULL, '2020-08-28 09:18:03', '2020-08-28 09:18:03'),
(1094, 1, 26, 'فیروزآباد', 1, NULL, '2020-08-28 09:18:03', '2020-08-28 09:18:03'),
(1095, 1, 26, 'درب گنبد', 1, NULL, '2020-08-28 09:18:03', '2020-08-28 09:18:03'),
(1096, 1, 26, 'کوهدشت', 1, NULL, '2020-08-28 09:18:03', '2020-08-28 09:18:03'),
(1097, 1, 26, 'کوهنانی', 1, NULL, '2020-08-28 09:18:03', '2020-08-28 09:18:03'),
(1098, 1, 26, 'گراب', 1, NULL, '2020-08-28 09:18:03', '2020-08-28 09:18:03'),
(1099, 1, 27, 'آمل', 1, NULL, '2020-08-28 09:18:03', '2020-08-28 09:18:03'),
(1100, 1, 27, 'امامزاده عبدالله', 1, NULL, '2020-08-28 09:18:03', '2020-08-28 09:18:03'),
(1101, 1, 27, 'دابودشت', 1, NULL, '2020-08-28 09:18:03', '2020-08-28 09:18:03'),
(1102, 1, 27, 'رینه', 1, NULL, '2020-08-28 09:18:04', '2020-08-28 09:18:04'),
(1103, 1, 27, 'گزنک', 1, NULL, '2020-08-28 09:18:04', '2020-08-28 09:18:04'),
(1104, 1, 27, 'امیرکلا', 1, NULL, '2020-08-28 09:18:04', '2020-08-28 09:18:04'),
(1105, 1, 27, 'بابل', 1, NULL, '2020-08-28 09:18:04', '2020-08-28 09:18:04'),
(1106, 1, 27, 'خوش رودپی', 1, NULL, '2020-08-28 09:18:04', '2020-08-28 09:18:04'),
(1107, 1, 27, 'زرگرمحله', 1, NULL, '2020-08-28 09:18:04', '2020-08-28 09:18:04'),
(1108, 1, 27, 'گتاب', 1, NULL, '2020-08-28 09:18:04', '2020-08-28 09:18:04'),
(1109, 1, 27, 'گلوگاه', 1, NULL, '2020-08-28 09:18:04', '2020-08-28 09:18:04'),
(1110, 1, 27, 'مرزیکلا', 1, NULL, '2020-08-28 09:18:04', '2020-08-28 09:18:04'),
(1111, 1, 27, 'بابلسر', 1, NULL, '2020-08-28 09:18:04', '2020-08-28 09:18:04'),
(1112, 1, 27, 'بهنمیر', 1, NULL, '2020-08-28 09:18:04', '2020-08-28 09:18:04'),
(1113, 1, 27, 'هادی شهر', 1, NULL, '2020-08-28 09:18:04', '2020-08-28 09:18:04'),
(1114, 1, 27, 'بهشهر', 1, NULL, '2020-08-28 09:18:04', '2020-08-28 09:18:04'),
(1115, 1, 27, 'خلیل شهر', 1, NULL, '2020-08-28 09:18:04', '2020-08-28 09:18:04'),
(1116, 1, 27, 'رستمکلا', 1, NULL, '2020-08-28 09:18:04', '2020-08-28 09:18:04'),
(1117, 1, 27, 'تنکابن', 1, NULL, '2020-08-28 09:18:04', '2020-08-28 09:18:04'),
(1118, 1, 27, 'خرم آباد', 1, NULL, '2020-08-28 09:18:04', '2020-08-28 09:18:04'),
(1119, 1, 27, 'شیرود', 1, NULL, '2020-08-28 09:18:04', '2020-08-28 09:18:04'),
(1120, 1, 27, 'نشتارود', 1, NULL, '2020-08-28 09:18:04', '2020-08-28 09:18:04'),
(1121, 1, 27, 'جویبار', 1, NULL, '2020-08-28 09:18:04', '2020-08-28 09:18:04'),
(1122, 1, 27, 'کوهی خیل', 1, NULL, '2020-08-28 09:18:04', '2020-08-28 09:18:04'),
(1123, 1, 27, 'چالوس', 1, NULL, '2020-08-28 09:18:04', '2020-08-28 09:18:04'),
(1124, 1, 27, 'مرزن آباد', 1, NULL, '2020-08-28 09:18:04', '2020-08-28 09:18:04'),
(1125, 1, 27, 'هچیرود', 1, NULL, '2020-08-28 09:18:04', '2020-08-28 09:18:04'),
(1126, 1, 27, 'رامسر', 1, NULL, '2020-08-28 09:18:04', '2020-08-28 09:18:04'),
(1127, 1, 27, 'کتالم وسادات شهر', 1, NULL, '2020-08-28 09:18:04', '2020-08-28 09:18:04'),
(1128, 1, 27, 'پایین هولار', 1, NULL, '2020-08-28 09:18:04', '2020-08-28 09:18:04'),
(1129, 1, 27, 'ساری', 1, NULL, '2020-08-28 09:18:04', '2020-08-28 09:18:04'),
(1130, 1, 27, 'فریم', 1, NULL, '2020-08-28 09:18:04', '2020-08-28 09:18:04'),
(1131, 1, 27, 'کیاسر', 1, NULL, '2020-08-28 09:18:04', '2020-08-28 09:18:04'),
(1132, 1, 27, 'آلاشت', 1, NULL, '2020-08-28 09:18:04', '2020-08-28 09:18:04'),
(1133, 1, 27, 'پل سفید', 1, NULL, '2020-08-28 09:18:04', '2020-08-28 09:18:04'),
(1134, 1, 27, 'زیرآب', 1, NULL, '2020-08-28 09:18:04', '2020-08-28 09:18:04'),
(1135, 1, 27, 'شیرگاه', 1, NULL, '2020-08-28 09:18:04', '2020-08-28 09:18:04'),
(1136, 1, 27, 'کیاکلا', 1, NULL, '2020-08-28 09:18:04', '2020-08-28 09:18:04'),
(1137, 1, 27, 'سلمان شهر', 1, NULL, '2020-08-28 09:18:04', '2020-08-28 09:18:04'),
(1138, 1, 27, 'عباس اباد', 1, NULL, '2020-08-28 09:18:05', '2020-08-28 09:18:05'),
(1139, 1, 27, 'کلارآباد', 1, NULL, '2020-08-28 09:18:05', '2020-08-28 09:18:05'),
(1140, 1, 27, 'فریدونکنار', 1, NULL, '2020-08-28 09:18:05', '2020-08-28 09:18:05'),
(1141, 1, 27, 'ارطه', 1, NULL, '2020-08-28 09:18:05', '2020-08-28 09:18:05'),
(1142, 1, 27, 'قایم شهر', 1, NULL, '2020-08-28 09:18:05', '2020-08-28 09:18:05'),
(1143, 1, 27, 'کلاردشت', 1, NULL, '2020-08-28 09:18:05', '2020-08-28 09:18:05'),
(1144, 1, 27, 'گلوگاه', 1, NULL, '2020-08-28 09:18:05', '2020-08-28 09:18:05'),
(1145, 1, 27, 'سرخرود', 1, NULL, '2020-08-28 09:18:05', '2020-08-28 09:18:05'),
(1146, 1, 27, 'محمودآباد', 1, NULL, '2020-08-28 09:18:05', '2020-08-28 09:18:05'),
(1147, 1, 27, 'سورک', 1, NULL, '2020-08-28 09:18:05', '2020-08-28 09:18:05'),
(1148, 1, 27, 'نکا', 1, NULL, '2020-08-28 09:18:05', '2020-08-28 09:18:05'),
(1149, 1, 27, 'ایزدشهر', 1, NULL, '2020-08-28 09:18:05', '2020-08-28 09:18:05'),
(1150, 1, 27, 'بلده', 1, NULL, '2020-08-28 09:18:05', '2020-08-28 09:18:05'),
(1151, 1, 27, 'چمستان', 1, NULL, '2020-08-28 09:18:05', '2020-08-28 09:18:05'),
(1152, 1, 27, 'رویان', 1, NULL, '2020-08-28 09:18:05', '2020-08-28 09:18:05'),
(1153, 1, 27, 'نور', 1, NULL, '2020-08-28 09:18:05', '2020-08-28 09:18:05'),
(1154, 1, 27, 'پول', 1, NULL, '2020-08-28 09:18:05', '2020-08-28 09:18:05'),
(1155, 1, 27, 'کجور', 1, NULL, '2020-08-28 09:18:05', '2020-08-28 09:18:05'),
(1156, 1, 27, 'نوشهر', 1, NULL, '2020-08-28 09:18:05', '2020-08-28 09:18:05'),
(1157, 1, 28, 'آشتیان', 1, NULL, '2020-08-28 09:18:05', '2020-08-28 09:18:05'),
(1158, 1, 28, 'اراک', 1, NULL, '2020-08-28 09:18:05', '2020-08-28 09:18:05'),
(1159, 1, 28, 'داودآباد', 1, NULL, '2020-08-28 09:18:05', '2020-08-28 09:18:05'),
(1160, 1, 28, 'ساروق', 1, NULL, '2020-08-28 09:18:05', '2020-08-28 09:18:05'),
(1161, 1, 28, 'کارچان', 1, NULL, '2020-08-28 09:18:05', '2020-08-28 09:18:05'),
(1162, 1, 28, 'تفرش', 1, NULL, '2020-08-28 09:18:06', '2020-08-28 09:18:06'),
(1163, 1, 28, 'خمین', 1, NULL, '2020-08-28 09:18:06', '2020-08-28 09:18:06'),
(1164, 1, 28, 'قورچی باشی', 1, NULL, '2020-08-28 09:18:06', '2020-08-28 09:18:06'),
(1165, 1, 28, 'جاورسیان', 1, NULL, '2020-08-28 09:18:06', '2020-08-28 09:18:06'),
(1166, 1, 28, 'خنداب', 1, NULL, '2020-08-28 09:18:06', '2020-08-28 09:18:06'),
(1167, 1, 28, 'دلیجان', 1, NULL, '2020-08-28 09:18:06', '2020-08-28 09:18:06'),
(1168, 1, 28, 'نراق', 1, NULL, '2020-08-28 09:18:06', '2020-08-28 09:18:06'),
(1169, 1, 28, 'پرندک', 1, NULL, '2020-08-28 09:18:06', '2020-08-28 09:18:06'),
(1170, 1, 28, 'خشکرود', 1, NULL, '2020-08-28 09:18:06', '2020-08-28 09:18:06'),
(1171, 1, 28, 'رازقان', 1, NULL, '2020-08-28 09:18:06', '2020-08-28 09:18:06'),
(1172, 1, 28, 'زاویه', 1, NULL, '2020-08-28 09:18:06', '2020-08-28 09:18:06'),
(1173, 1, 28, 'مامونیه', 1, NULL, '2020-08-28 09:18:06', '2020-08-28 09:18:06'),
(1174, 1, 28, 'آوه', 1, NULL, '2020-08-28 09:18:06', '2020-08-28 09:18:06'),
(1175, 1, 28, 'ساوه', 1, NULL, '2020-08-28 09:18:06', '2020-08-28 09:18:06'),
(1176, 1, 28, 'غرق آباد', 1, NULL, '2020-08-28 09:18:06', '2020-08-28 09:18:06'),
(1177, 1, 28, 'نوبران', 1, NULL, '2020-08-28 09:18:06', '2020-08-28 09:18:06'),
(1178, 1, 28, 'آستانه', 1, NULL, '2020-08-28 09:18:06', '2020-08-28 09:18:06'),
(1179, 1, 28, 'توره', 1, NULL, '2020-08-28 09:18:06', '2020-08-28 09:18:06'),
(1180, 1, 28, 'شازند', 1, NULL, '2020-08-28 09:18:06', '2020-08-28 09:18:06'),
(1181, 1, 28, 'شهباز', 1, NULL, '2020-08-28 09:18:06', '2020-08-28 09:18:06'),
(1182, 1, 28, 'مهاجران', 1, NULL, '2020-08-28 09:18:06', '2020-08-28 09:18:06'),
(1183, 1, 28, 'هندودر', 1, NULL, '2020-08-28 09:18:06', '2020-08-28 09:18:06'),
(1184, 1, 28, 'خنجین', 1, NULL, '2020-08-28 09:18:06', '2020-08-28 09:18:06'),
(1185, 1, 28, 'فرمهین', 1, NULL, '2020-08-28 09:18:06', '2020-08-28 09:18:06'),
(1186, 1, 28, 'کمیجان', 1, NULL, '2020-08-28 09:18:06', '2020-08-28 09:18:06'),
(1187, 1, 28, 'میلاجرد', 1, NULL, '2020-08-28 09:18:06', '2020-08-28 09:18:06'),
(1188, 1, 28, 'محلات', 1, NULL, '2020-08-28 09:18:06', '2020-08-28 09:18:06'),
(1189, 1, 28, 'نیمور', 1, NULL, '2020-08-28 09:18:06', '2020-08-28 09:18:06'),
(1190, 1, 29, 'ابوموسی', 1, NULL, '2020-08-28 09:18:06', '2020-08-28 09:18:06'),
(1191, 1, 29, 'بستک', 1, NULL, '2020-08-28 09:18:06', '2020-08-28 09:18:06'),
(1192, 1, 29, 'جناح', 1, NULL, '2020-08-28 09:18:06', '2020-08-28 09:18:06'),
(1193, 1, 29, 'سردشت', 1, NULL, '2020-08-28 09:18:06', '2020-08-28 09:18:06'),
(1194, 1, 29, 'گوهران', 1, NULL, '2020-08-28 09:18:06', '2020-08-28 09:18:06'),
(1195, 1, 29, 'بندرعباس', 1, NULL, '2020-08-28 09:18:06', '2020-08-28 09:18:06'),
(1196, 1, 29, 'تازیان پایین', 1, NULL, '2020-08-28 09:18:06', '2020-08-28 09:18:06'),
(1197, 1, 29, 'تخت', 1, NULL, '2020-08-28 09:18:07', '2020-08-28 09:18:07'),
(1198, 1, 29, 'فین', 1, NULL, '2020-08-28 09:18:07', '2020-08-28 09:18:07'),
(1199, 1, 29, 'قلعه قاضی', 1, NULL, '2020-08-28 09:18:07', '2020-08-28 09:18:07'),
(1200, 1, 29, 'بندرلنگه', 1, NULL, '2020-08-28 09:18:07', '2020-08-28 09:18:07'),
(1201, 1, 29, 'چارک', 1, NULL, '2020-08-28 09:18:07', '2020-08-28 09:18:07'),
(1202, 1, 29, 'کنگ', 1, NULL, '2020-08-28 09:18:07', '2020-08-28 09:18:07'),
(1203, 1, 29, 'کیش', 1, NULL, '2020-08-28 09:18:07', '2020-08-28 09:18:07'),
(1204, 1, 29, 'لمزان', 1, NULL, '2020-08-28 09:18:07', '2020-08-28 09:18:07'),
(1205, 1, 29, 'پارسیان', 1, NULL, '2020-08-28 09:18:07', '2020-08-28 09:18:07'),
(1206, 1, 29, 'دشتی', 1, NULL, '2020-08-28 09:18:07', '2020-08-28 09:18:07'),
(1207, 1, 29, 'کوشکنار', 1, NULL, '2020-08-28 09:18:07', '2020-08-28 09:18:07'),
(1208, 1, 29, 'بندرجاسک', 1, NULL, '2020-08-28 09:18:07', '2020-08-28 09:18:07'),
(1209, 1, 29, 'حاجی اباد', 1, NULL, '2020-08-28 09:18:07', '2020-08-28 09:18:07'),
(1210, 1, 29, 'سرگز', 1, NULL, '2020-08-28 09:18:07', '2020-08-28 09:18:07'),
(1211, 1, 29, 'فارغان', 1, NULL, '2020-08-28 09:18:07', '2020-08-28 09:18:07'),
(1212, 1, 29, 'خمیر', 1, NULL, '2020-08-28 09:18:07', '2020-08-28 09:18:07'),
(1213, 1, 29, 'رویدر', 1, NULL, '2020-08-28 09:18:07', '2020-08-28 09:18:07'),
(1214, 1, 29, 'بیکاء', 1, NULL, '2020-08-28 09:18:07', '2020-08-28 09:18:07'),
(1215, 1, 29, 'دهبارز', 1, NULL, '2020-08-28 09:18:07', '2020-08-28 09:18:07'),
(1216, 1, 29, 'زیارتعلی', 1, NULL, '2020-08-28 09:18:07', '2020-08-28 09:18:07'),
(1217, 1, 29, 'سیریک', 1, NULL, '2020-08-28 09:18:07', '2020-08-28 09:18:07'),
(1218, 1, 29, 'کوهستک', 1, NULL, '2020-08-28 09:18:07', '2020-08-28 09:18:07'),
(1219, 1, 29, 'گروک', 1, NULL, '2020-08-28 09:18:07', '2020-08-28 09:18:07'),
(1220, 1, 29, 'درگهان', 1, NULL, '2020-08-28 09:18:07', '2020-08-28 09:18:07'),
(1221, 1, 29, 'سوزا', 1, NULL, '2020-08-28 09:18:07', '2020-08-28 09:18:07'),
(1222, 1, 29, 'قشم', 1, NULL, '2020-08-28 09:18:07', '2020-08-28 09:18:07'),
(1223, 1, 29, 'هرمز', 1, NULL, '2020-08-28 09:18:07', '2020-08-28 09:18:07'),
(1224, 1, 29, 'تیرور', 1, NULL, '2020-08-28 09:18:07', '2020-08-28 09:18:07'),
(1225, 1, 29, 'سندرک', 1, NULL, '2020-08-28 09:18:07', '2020-08-28 09:18:07'),
(1226, 1, 29, 'میناب', 1, NULL, '2020-08-28 09:18:08', '2020-08-28 09:18:08'),
(1227, 1, 29, 'هشتبندی', 1, NULL, '2020-08-28 09:18:08', '2020-08-28 09:18:08'),
(1228, 1, 30, 'آجین', 1, NULL, '2020-08-28 09:18:08', '2020-08-28 09:18:08'),
(1229, 1, 30, 'اسدآباد', 1, NULL, '2020-08-28 09:18:08', '2020-08-28 09:18:08'),
(1230, 1, 30, 'بهار', 1, NULL, '2020-08-28 09:18:08', '2020-08-28 09:18:08'),
(1231, 1, 30, 'صالح آباد', 1, NULL, '2020-08-28 09:18:08', '2020-08-28 09:18:08'),
(1232, 1, 30, 'لالجین', 1, NULL, '2020-08-28 09:18:08', '2020-08-28 09:18:08'),
(1233, 1, 30, 'مهاجران', 1, NULL, '2020-08-28 09:18:08', '2020-08-28 09:18:08'),
(1234, 1, 30, 'تویسرکان', 1, NULL, '2020-08-28 09:18:08', '2020-08-28 09:18:08'),
(1235, 1, 30, 'سرکان', 1, NULL, '2020-08-28 09:18:08', '2020-08-28 09:18:08'),
(1236, 1, 30, 'فرسفج', 1, NULL, '2020-08-28 09:18:08', '2020-08-28 09:18:08'),
(1237, 1, 30, 'دمق', 1, NULL, '2020-08-28 09:18:08', '2020-08-28 09:18:08'),
(1238, 1, 30, 'رزن', 1, NULL, '2020-08-28 09:18:08', '2020-08-28 09:18:08'),
(1239, 1, 30, 'قروه درجزین', 1, NULL, '2020-08-28 09:18:08', '2020-08-28 09:18:08'),
(1240, 1, 30, 'فامنین', 1, NULL, '2020-08-28 09:18:08', '2020-08-28 09:18:08'),
(1241, 1, 30, 'شیرین سو', 1, NULL, '2020-08-28 09:18:08', '2020-08-28 09:18:08'),
(1242, 1, 30, 'کبودرآهنگ', 1, NULL, '2020-08-28 09:18:08', '2020-08-28 09:18:08'),
(1243, 1, 30, 'گل تپه', 1, NULL, '2020-08-28 09:18:08', '2020-08-28 09:18:08'),
(1244, 1, 30, 'ازندریان', 1, NULL, '2020-08-28 09:18:08', '2020-08-28 09:18:08'),
(1245, 1, 30, 'جوکار', 1, NULL, '2020-08-28 09:18:08', '2020-08-28 09:18:08'),
(1246, 1, 30, 'زنگنه', 1, NULL, '2020-08-28 09:18:08', '2020-08-28 09:18:08'),
(1247, 1, 30, 'سامن', 1, NULL, '2020-08-28 09:18:08', '2020-08-28 09:18:08'),
(1248, 1, 30, 'ملایر', 1, NULL, '2020-08-28 09:18:08', '2020-08-28 09:18:08'),
(1249, 1, 30, 'برزول', 1, NULL, '2020-08-28 09:18:08', '2020-08-28 09:18:08'),
(1250, 1, 30, 'فیروزان', 1, NULL, '2020-08-28 09:18:08', '2020-08-28 09:18:08'),
(1251, 1, 30, 'گیان', 1, NULL, '2020-08-28 09:18:08', '2020-08-28 09:18:08'),
(1252, 1, 30, 'نهاوند', 1, NULL, '2020-08-28 09:18:08', '2020-08-28 09:18:08'),
(1253, 1, 30, 'جورقان', 1, NULL, '2020-08-28 09:18:08', '2020-08-28 09:18:08'),
(1254, 1, 30, 'قهاوند', 1, NULL, '2020-08-28 09:18:08', '2020-08-28 09:18:08'),
(1255, 1, 30, 'مریانج', 1, NULL, '2020-08-28 09:18:08', '2020-08-28 09:18:08'),
(1256, 1, 30, 'همدان', 1, NULL, '2020-08-28 09:18:08', '2020-08-28 09:18:08'),
(1257, 1, 31, 'ابرکوه', 1, NULL, '2020-08-28 09:18:08', '2020-08-28 09:18:08'),
(1258, 1, 31, 'مهردشت', 1, NULL, '2020-08-28 09:18:09', '2020-08-28 09:18:09'),
(1259, 1, 31, 'احمدآباد', 1, NULL, '2020-08-28 09:18:09', '2020-08-28 09:18:09'),
(1260, 1, 31, 'اردکان', 1, NULL, '2020-08-28 09:18:09', '2020-08-28 09:18:09'),
(1261, 1, 31, 'عقدا', 1, NULL, '2020-08-28 09:18:09', '2020-08-28 09:18:09'),
(1262, 1, 31, 'اشکذر', 1, NULL, '2020-08-28 09:18:09', '2020-08-28 09:18:09'),
(1263, 1, 31, 'خضرآباد', 1, NULL, '2020-08-28 09:18:09', '2020-08-28 09:18:09'),
(1264, 1, 31, 'بافق', 1, NULL, '2020-08-28 09:18:09', '2020-08-28 09:18:09'),
(1265, 1, 31, 'بهاباد', 1, NULL, '2020-08-28 09:18:09', '2020-08-28 09:18:09'),
(1266, 1, 31, 'تفت', 1, NULL, '2020-08-28 09:18:09', '2020-08-28 09:18:09'),
(1267, 1, 31, 'نیر', 1, NULL, '2020-08-28 09:18:09', '2020-08-28 09:18:09'),
(1268, 1, 31, 'مروست', 1, NULL, '2020-08-28 09:18:09', '2020-08-28 09:18:09'),
(1269, 1, 31, 'هرات', 1, NULL, '2020-08-28 09:18:09', '2020-08-28 09:18:09'),
(1270, 1, 31, 'مهریز', 1, NULL, '2020-08-28 09:18:09', '2020-08-28 09:18:09'),
(1271, 1, 31, 'بفروییه', 1, NULL, '2020-08-28 09:18:09', '2020-08-28 09:18:09'),
(1272, 1, 31, 'میبد', 1, NULL, '2020-08-28 09:18:09', '2020-08-28 09:18:09'),
(1273, 1, 31, 'ندوشن', 1, NULL, '2020-08-28 09:18:09', '2020-08-28 09:18:09'),
(1274, 1, 31, 'حمیدیا', 1, NULL, '2020-08-28 09:18:09', '2020-08-28 09:18:09'),
(1275, 1, 31, 'زارچ', 1, NULL, '2020-08-28 09:18:09', '2020-08-28 09:18:09'),
(1276, 1, 31, 'شاهدیه', 1, NULL, '2020-08-28 09:18:09', '2020-08-28 09:18:09'),
(1277, 1, 31, 'یزد', 1, NULL, '2020-08-28 09:18:09', '2020-08-28 09:18:09');

-- --------------------------------------------------------

--
-- Table structure for table `comments`
--

CREATE TABLE `comments` (
  `id` bigint(20) UNSIGNED NOT NULL,
  `comment` text COLLATE utf8mb4_unicode_ci NOT NULL,
  `user_id` bigint(20) UNSIGNED NOT NULL,
  `commentable_id` bigint(20) UNSIGNED NOT NULL,
  `commentable_type` varchar(255) COLLATE utf8mb4_unicode_ci NOT NULL,
  `approved` tinyint(1) NOT NULL DEFAULT 0,
  `parent_id` bigint(20) UNSIGNED NOT NULL DEFAULT 0,
  `created_at` timestamp NULL DEFAULT NULL,
  `updated_at` timestamp NULL DEFAULT NULL
) ENGINE=InnoDB DEFAULT CHARSET=utf8mb4 COLLATE=utf8mb4_unicode_ci;

--
-- Dumping data for table `comments`
--

INSERT INTO `comments` (`id`, `comment`, `user_id`, `commentable_id`, `commentable_type`, `approved`, `parent_id`, `created_at`, `updated_at`) VALUES
(2, 'کامنت دوم برای پست 30', 1, 30, 'App\\Models\\Post', 1, 0, '2021-06-24 07:14:39', '2021-06-24 07:43:24'),
(3, 'کامنت جدید', 1, 30, 'App\\Models\\Post', 1, 0, '2021-06-24 07:43:55', '2021-06-24 07:44:47'),
(4, 'درود بر دانلود های عزیز\r\nجناب من اینو اومدم نصبش کنم ارور میداد که سیستم مورد نیاز برای نصب رو نداری ولی روی vmware براحتی نصب شد؟\r\ncore i7 4790\r\n۱۶G RAM\r\nVGA:RX 570\r\n۳TB HDD\r\n۱۲۰ SSD\r\nPOWER:700W\r\nچرا؟', 1, 98, 'App\\Models\\Post', 0, 0, '2021-06-24 16:50:13', '2021-06-24 16:50:13'),
(5, 'سلام. لطفا دقیقا ارروری که دریافت میکنین رو می فرمایید؟ نسخه غیررسمی هستش هنوز و احتمال این مدل اخطارها هستش.', 1, 98, 'App\\Models\\Post', 0, 4, '2021-06-24 16:50:34', '2021-06-24 16:50:34'),
(6, 'باید از اول نصبش کنم بعد یک سوال دیگه شما که نصبش کردید درایور کارت گرافیک هم روش نصب کردید یا خیر\r\nچون من از بابت سخت افزارم خیالم راحته حالا چرا این ارور رو داد خودم هم نمیدونم چون میگن برای بازیها بسیار عملکرد خوبی داشته', 1, 98, 'App\\Models\\Post', 0, 5, '2021-06-24 16:51:11', '2021-06-24 16:51:11'),
(7, 'ویندوز رو آپدیت کنین\r\nفایل نصب ویندوز ۱۱ رو اجرا کنین تا ویندوزتون آپدیت بشه\r\nاز بوت اولیه بزنین نصب نمیشه', 1, 98, 'App\\Models\\Post', 0, 0, '2021-06-24 16:51:11', '2021-06-24 16:51:11'),
(18, 'a', 1, 103, 'App\\Models\\Post', 0, 0, '2021-08-14 15:42:27', '2021-08-14 15:42:27'),
(19, 'b', 1, 103, 'App\\Models\\Post', 0, 0, '2021-08-14 15:42:32', '2021-08-14 15:42:32'),
(20, 'c', 1, 103, 'App\\Models\\Post', 0, 0, '2021-08-14 15:42:38', '2021-08-14 15:42:38'),
(21, 'd', 1, 103, 'App\\Models\\Post', 0, 18, '2021-08-14 15:42:47', '2021-08-14 15:42:47'),
(22, 'e', 1, 103, 'App\\Models\\Post', 0, 19, '2021-08-14 15:43:00', '2021-08-14 15:43:00'),
(23, 'f', 1, 103, 'App\\Models\\Post', 0, 20, '2021-08-14 15:44:56', '2021-08-14 15:44:56'),
(24, 'g', 1, 103, 'App\\Models\\Post', 0, 21, '2021-08-14 15:45:08', '2021-08-14 15:45:08'),
(25, 'h', 1, 103, 'App\\Models\\Post', 0, 22, '2021-08-14 15:45:20', '2021-08-14 15:45:20'),
(26, 'j', 1, 103, 'App\\Models\\Post', 0, 23, '2021-08-14 15:45:36', '2021-08-14 15:45:36'),
(27, 'aaa', 11, 103, 'App\\Models\\Post', 0, 25, '2021-08-14 16:05:12', '2021-08-14 16:05:12'),
(28, 't', 1, 103, 'App\\Models\\Post', 0, 27, '2021-08-14 16:05:45', '2021-08-14 16:05:45'),
(29, 'efewfwfw', 1, 103, 'App\\Models\\Post', 0, 0, '2021-08-14 19:26:25', '2021-08-14 19:26:25'),
(30, 'ete4t3', 1, 103, 'App\\Models\\Post', 0, 0, '2021-08-14 20:08:35', '2021-08-14 20:08:35');

-- --------------------------------------------------------

--
-- Table structure for table `failed_jobs`
--

CREATE TABLE `failed_jobs` (
  `id` bigint(20) UNSIGNED NOT NULL,
  `uuid` varchar(255) COLLATE utf8mb4_unicode_ci NOT NULL,
  `connection` text COLLATE utf8mb4_unicode_ci NOT NULL,
  `queue` text COLLATE utf8mb4_unicode_ci NOT NULL,
  `payload` longtext COLLATE utf8mb4_unicode_ci NOT NULL,
  `exception` longtext COLLATE utf8mb4_unicode_ci NOT NULL,
  `failed_at` timestamp NOT NULL DEFAULT current_timestamp()
) ENGINE=InnoDB DEFAULT CHARSET=utf8mb4 COLLATE=utf8mb4_unicode_ci;

-- --------------------------------------------------------

--
-- Table structure for table `jobs`
--

CREATE TABLE `jobs` (
  `id` bigint(20) UNSIGNED NOT NULL,
  `queue` varchar(255) COLLATE utf8mb4_unicode_ci NOT NULL,
  `payload` longtext COLLATE utf8mb4_unicode_ci NOT NULL,
  `attempts` tinyint(3) UNSIGNED NOT NULL,
  `reserved_at` int(10) UNSIGNED DEFAULT NULL,
  `available_at` int(10) UNSIGNED NOT NULL,
  `created_at` int(10) UNSIGNED NOT NULL
) ENGINE=InnoDB DEFAULT CHARSET=utf8mb4 COLLATE=utf8mb4_unicode_ci;

-- --------------------------------------------------------

--
-- Table structure for table `migrations`
--

CREATE TABLE `migrations` (
  `id` int(10) UNSIGNED NOT NULL,
  `migration` varchar(255) COLLATE utf8mb4_unicode_ci NOT NULL,
  `batch` int(11) NOT NULL
) ENGINE=InnoDB DEFAULT CHARSET=utf8mb4 COLLATE=utf8mb4_unicode_ci;

--
-- Dumping data for table `migrations`
--

INSERT INTO `migrations` (`id`, `migration`, `batch`) VALUES
(1, '2014_10_12_000000_create_users_table', 1),
(2, '2014_10_12_100000_create_password_resets_table', 1),
(3, '2019_08_19_000000_create_failed_jobs_table', 1),
(4, '2021_06_05_113140_create_posts_table', 1),
(18, '2021_06_11_081558_create_categories_table', 2),
(27, '2021_06_19_064725_add_columns_to_posts_table', 3),
(28, '2021_06_22_114216_create_comments_table', 4),
(30, '2021_07_04_032906_create_permissions_table', 5),
(33, '2021_07_06_044316_change_phone_number_type', 6),
(37, '2021_07_08_062017_create_validation_codes_table', 7),
(38, '2021_07_13_203757_create_jobs_table', 8),
(42, '2021_07_16_120540_create_products_table', 9),
(43, '2021_07_26_135013_create_attributes_table', 10),
(45, '2021_07_28_012313_create_orders_table', 11),
(46, '2021_07_28_150744_create_payments_table', 12),
(47, '2021_07_29_162403_create_addresses_table', 13),
(49, '2021_07_31_013226_add_columns_to__payments', 14);

-- --------------------------------------------------------

--
-- Table structure for table `orders`
--

CREATE TABLE `orders` (
  `id` bigint(20) UNSIGNED NOT NULL,
  `user_id` bigint(20) UNSIGNED NOT NULL,
  `price` bigint(20) NOT NULL,
  `status` enum('paid','unpaid','canceled','preparation','posted','received') COLLATE utf8mb4_unicode_ci NOT NULL DEFAULT 'unpaid',
  `tracking_serial` varchar(255) COLLATE utf8mb4_unicode_ci DEFAULT NULL,
  `created_at` timestamp NULL DEFAULT NULL,
  `updated_at` timestamp NULL DEFAULT NULL
) ENGINE=InnoDB DEFAULT CHARSET=utf8mb4 COLLATE=utf8mb4_unicode_ci;

--
-- Dumping data for table `orders`
--

INSERT INTO `orders` (`id`, `user_id`, `price`, `status`, `tracking_serial`, `created_at`, `updated_at`) VALUES
(13, 1, 1260, 'paid', '12345678', '2021-08-03 00:04:30', '2021-08-03 11:50:15'),
(14, 1, 120, 'unpaid', NULL, '2021-08-08 10:03:15', '2021-08-08 10:03:15');

-- --------------------------------------------------------

--
-- Table structure for table `order_product`
--

CREATE TABLE `order_product` (
  `order_id` bigint(20) UNSIGNED NOT NULL,
  `product_id` bigint(20) UNSIGNED NOT NULL,
  `quantity` int(11) NOT NULL DEFAULT 1
) ENGINE=InnoDB DEFAULT CHARSET=utf8mb4 COLLATE=utf8mb4_unicode_ci;

--
-- Dumping data for table `order_product`
--

INSERT INTO `order_product` (`order_id`, `product_id`, `quantity`) VALUES
(13, 15, 2),
(13, 16, 1),
(13, 17, 3),
(13, 18, 5),
(14, 15, 1);

-- --------------------------------------------------------

--
-- Table structure for table `password_resets`
--

CREATE TABLE `password_resets` (
  `email` varchar(255) COLLATE utf8mb4_unicode_ci NOT NULL,
  `token` varchar(255) COLLATE utf8mb4_unicode_ci NOT NULL,
  `created_at` timestamp NULL DEFAULT NULL
) ENGINE=InnoDB DEFAULT CHARSET=utf8mb4 COLLATE=utf8mb4_unicode_ci;

--
-- Dumping data for table `password_resets`
--

INSERT INTO `password_resets` (`email`, `token`, `created_at`) VALUES
('mohammadsamadi1374@gmail.com', '$2y$10$IUxkMtsTKJvBNWHP2uQmeOEZMoL988lhj2gZKW31dtLCnfqNVNq26', '2021-07-13 15:27:29');

-- --------------------------------------------------------

--
-- Table structure for table `payments`
--

CREATE TABLE `payments` (
  `id` bigint(20) UNSIGNED NOT NULL,
  `order_id` bigint(20) UNSIGNED NOT NULL,
  `address_id` bigint(20) UNSIGNED NOT NULL,
  `post_method` varchar(255) COLLATE utf8mb4_unicode_ci NOT NULL,
  `payment_method` varchar(255) COLLATE utf8mb4_unicode_ci NOT NULL,
  `post_date` varchar(255) COLLATE utf8mb4_unicode_ci NOT NULL,
  `resNumber` varchar(255) COLLATE utf8mb4_unicode_ci NOT NULL,
  `status` tinyint(1) NOT NULL DEFAULT 0,
  `created_at` timestamp NULL DEFAULT NULL,
  `updated_at` timestamp NULL DEFAULT NULL
) ENGINE=InnoDB DEFAULT CHARSET=utf8mb4 COLLATE=utf8mb4_unicode_ci;

--
-- Dumping data for table `payments`
--

INSERT INTO `payments` (`id`, `order_id`, `address_id`, `post_method`, `payment_method`, `post_date`, `resNumber`, `status`, `created_at`, `updated_at`) VALUES
(11, 13, 5, 'پست پیشتاز', 'پرداخت در محل', '2021-08-10 04:45:39', '', 0, '2021-08-03 00:15:47', '2021-08-03 00:15:47'),
(12, 13, 5, 'پست پیشتاز', 'پرداخت آنلاین', '2021-08-10 04:46:01', 'aYuaaMIDnH6ToCBQ', 1, '2021-08-03 00:17:41', '2021-08-03 00:17:41');

-- --------------------------------------------------------

--
-- Table structure for table `permissions`
--

CREATE TABLE `permissions` (
  `id` bigint(20) UNSIGNED NOT NULL,
  `name` varchar(255) COLLATE utf8mb4_unicode_ci NOT NULL,
  `label` text COLLATE utf8mb4_unicode_ci DEFAULT NULL,
  `created_at` timestamp NULL DEFAULT NULL,
  `updated_at` timestamp NULL DEFAULT NULL
) ENGINE=InnoDB DEFAULT CHARSET=utf8mb4 COLLATE=utf8mb4_unicode_ci;

--
-- Dumping data for table `permissions`
--

INSERT INTO `permissions` (`id`, `name`, `label`, `created_at`, `updated_at`) VALUES
(1, 'ایجاد کاربر', NULL, '2021-07-04 04:43:40', '2021-07-04 04:43:40'),
(5, 'حذف پست', NULL, '2021-07-04 04:44:59', '2021-07-04 04:44:59'),
(6, 'ویرایش پست', NULL, '2021-07-04 04:45:06', '2021-07-04 04:45:06'),
(7, 'ایجاد دسته بندی', NULL, '2021-07-04 04:45:22', '2021-07-04 04:45:22'),
(8, 'حذف دسته بندی', NULL, '2021-07-04 04:45:35', '2021-07-04 04:45:35'),
(9, 'ویرایش دسته بندی', NULL, '2021-07-04 04:45:48', '2021-07-04 04:45:48'),
(10, 'ویرایش کامنت', NULL, '2021-07-04 04:46:23', '2021-07-04 04:46:53'),
(11, 'حذف کامنت', NULL, '2021-07-04 04:46:38', '2021-07-04 04:46:38'),
(12, 'ایجاد دسترسی', NULL, '2021-07-04 04:47:09', '2021-07-04 04:47:09'),
(13, 'حذف دسترسی', NULL, '2021-07-04 04:47:19', '2021-07-04 04:47:19'),
(14, 'ویرایش دسترسی', NULL, '2021-07-04 04:47:28', '2021-07-04 04:47:28'),
(15, 'ایجاد مقام', NULL, '2021-07-04 04:47:38', '2021-07-04 04:47:38'),
(16, 'حذف مقام', NULL, '2021-07-04 04:47:47', '2021-07-04 04:47:47'),
(17, 'ویرایش مقام', NULL, '2021-07-04 04:47:56', '2021-07-04 04:47:56'),
(19, 'مشاهده پست ها', NULL, '2021-07-04 06:07:33', '2021-07-04 06:07:33'),
(20, 'مشاهده دسته بندی ها', NULL, '2021-07-04 06:08:00', '2021-07-04 06:08:00'),
(21, 'مشاهده کامنت ها', NULL, '2021-07-04 06:08:18', '2021-07-04 06:08:18'),
(22, 'مشاهده دسترسی ها', NULL, '2021-07-04 06:08:29', '2021-07-04 06:08:29'),
(23, 'مشاهده مقام ها', NULL, '2021-07-04 06:08:40', '2021-07-04 06:08:40'),
(24, 'مشاهده کاربران', NULL, '2021-07-10 12:59:33', '2021-07-10 12:59:33'),
(25, 'ایجاد محصول', NULL, '2021-07-16 10:42:26', '2021-07-16 10:42:26'),
(26, 'ویرایش محصول', NULL, '2021-07-16 10:42:37', '2021-07-16 10:42:37'),
(27, 'حذف محصول', NULL, '2021-07-16 10:42:48', '2021-07-16 10:42:48'),
(28, 'مشاهده محصولات', NULL, '2021-07-16 10:43:08', '2021-07-16 10:43:08'),
(30, 'حذف سفارش', NULL, '2021-08-03 10:57:05', '2021-08-03 10:57:05'),
(31, 'ویرایش سفارش', NULL, '2021-08-03 10:57:18', '2021-08-03 10:57:18'),
(32, 'مشاهده سفارش ها', NULL, '2021-08-03 10:57:32', '2021-08-03 10:57:32'),
(33, 'مشاهده پرداخت ها', NULL, '2021-08-10 11:39:35', '2021-08-10 11:39:35'),
(34, 'ویرایش آدرس', NULL, '2021-08-10 11:50:55', '2021-08-10 11:51:07'),
(35, 'حذف آدرس', NULL, '2021-08-10 11:51:18', '2021-08-10 11:51:18'),
(36, 'تایید کامنت', NULL, '2021-08-10 21:06:00', '2021-08-10 21:06:00'),
(37, 'حذف کاربر', NULL, '2021-08-11 21:10:40', '2021-08-11 21:10:40'),
(38, 'ویرایش کاربر', NULL, '2021-08-11 21:10:52', '2021-08-11 21:10:52'),
(39, 'ایجاد پست', NULL, '2021-08-11 21:13:33', '2021-08-11 21:13:33');

-- --------------------------------------------------------

--
-- Table structure for table `permission_rule`
--

CREATE TABLE `permission_rule` (
  `permission_id` bigint(20) UNSIGNED NOT NULL,
  `rule_id` bigint(20) UNSIGNED NOT NULL
) ENGINE=InnoDB DEFAULT CHARSET=utf8mb4 COLLATE=utf8mb4_unicode_ci;

--
-- Dumping data for table `permission_rule`
--

INSERT INTO `permission_rule` (`permission_id`, `rule_id`) VALUES
(1, 6),
(1, 7),
(5, 6),
(5, 7),
(6, 6),
(6, 7),
(6, 8),
(7, 6),
(7, 7),
(7, 8),
(8, 6),
(8, 7),
(9, 6),
(9, 7),
(9, 8),
(10, 6),
(10, 7),
(11, 6),
(11, 7),
(11, 8),
(12, 6),
(12, 7),
(13, 6),
(13, 7),
(14, 6),
(14, 7),
(15, 6),
(15, 7),
(16, 6),
(16, 7),
(17, 6),
(17, 7),
(19, 6),
(19, 7),
(19, 8),
(20, 6),
(20, 7),
(20, 8),
(21, 6),
(21, 7),
(21, 8),
(22, 6),
(22, 7),
(22, 8),
(23, 6),
(23, 7),
(23, 8),
(24, 6),
(24, 7),
(24, 8),
(25, 6),
(25, 7),
(25, 8),
(26, 6),
(26, 7),
(26, 8),
(27, 6),
(27, 7),
(28, 6),
(28, 7),
(28, 8),
(30, 6),
(30, 7),
(31, 6),
(31, 7),
(32, 6),
(32, 7),
(33, 6),
(33, 7),
(34, 6),
(34, 7),
(35, 6),
(35, 7),
(36, 6),
(36, 7),
(36, 8),
(37, 6),
(37, 7),
(38, 6),
(38, 7),
(39, 6),
(39, 7),
(39, 8);

-- --------------------------------------------------------

--
-- Table structure for table `permission_user`
--

CREATE TABLE `permission_user` (
  `user_id` bigint(20) UNSIGNED NOT NULL,
  `permission_id` bigint(20) UNSIGNED NOT NULL
) ENGINE=InnoDB DEFAULT CHARSET=utf8mb4 COLLATE=utf8mb4_unicode_ci;

-- --------------------------------------------------------

--
-- Table structure for table `postgallery`
--

CREATE TABLE `postgallery` (
  `id` bigint(20) UNSIGNED NOT NULL,
  `image` varchar(255) COLLATE utf8mb4_unicode_ci NOT NULL,
  `post_id` bigint(20) UNSIGNED NOT NULL
) ENGINE=InnoDB DEFAULT CHARSET=utf8mb4 COLLATE=utf8mb4_unicode_ci;

--
-- Dumping data for table `postgallery`
--

INSERT INTO `postgallery` (`id`, `image`, `post_id`) VALUES
(7, 'images/posts/post-98/gallery/Windows-11-Screenshots-01-600x450.png', 98),
(8, 'images/posts/post-98/gallery/Windows-11-Screenshots-02-600x450.png', 98),
(9, 'images/posts/post-98/gallery/Windows-11-Screenshots-03-600x450.png', 98),
(10, 'images/posts/post-98/gallery/Windows-11-Screenshots-04-600x450.png', 98),
(11, 'C:\\Users\\milad sm\\Desktop\\downloadha\\public\\images/posts/post-100/gallery/App-Chrome-icon.png', 100),
(38, 'images/posts/post-101/gallery/Cyberpunk-2077-screenshots-01-780x439.jpg', 101),
(39, 'images/posts/post-101/gallery/Cyberpunk-2077-screenshots-02-780x439.jpg', 101),
(40, 'images/posts/post-101/gallery/Cyberpunk-2077-screenshots-03-780x439.jpg', 101),
(41, 'images/posts/post-101/gallery/Cyberpunk-2077-screenshots-04-780x439.jpg', 101),
(42, 'images/posts/post-101/gallery/Cyberpunk-2077-screenshots-05-780x439.jpg', 101),
(43, 'images/posts/post-101/gallery/Cyberpunk-2077-screenshots-06-780x439.jpg', 101),
(44, 'images/posts/post-103/gallery/kmplayer-screenshots-01.png', 103),
(45, 'images/posts/post-103/gallery/kmplayer-screenshots-02.png', 103),
(46, 'images/posts/post-103/gallery/kmplayer-screenshots-03.png', 103),
(47, 'images/posts/post-103/gallery/kmplayer-screenshots-04.png', 103),
(48, 'images/posts/post-103/gallery/kmplayer-screenshots-05.jpg', 103);

-- --------------------------------------------------------

--
-- Table structure for table `posticon`
--

CREATE TABLE `posticon` (
  `id` bigint(20) UNSIGNED NOT NULL,
  `icon` varchar(255) COLLATE utf8mb4_unicode_ci NOT NULL,
  `caption` varchar(255) COLLATE utf8mb4_unicode_ci NOT NULL,
  `content` varchar(255) COLLATE utf8mb4_unicode_ci NOT NULL,
  `post_id` bigint(20) UNSIGNED NOT NULL
) ENGINE=InnoDB DEFAULT CHARSET=utf8mb4 COLLATE=utf8mb4_unicode_ci;

--
-- Dumping data for table `posticon`
--

INSERT INTO `posticon` (`id`, `icon`, `caption`, `content`, `post_id`) VALUES
(3, 'images/posts/post-98/icon/Windows-10-logo-new-75x75.png', 'Windows 10', 'Build 21996.1 Consumer Edition', 98),
(9, 'images/posts/post-99/icon/App-Adobe-Lightroom-icon.png', 'Adobe Photoshop Lightroom Classic', 'v10.3.0.10 + CC v3.4.0', 99),
(10, 'images/posts/post-100/icon/App-Chrome-icon.png', 'Google Chrome', '91.0.4472.114 Windows/macOS', 100),
(11, 'images/posts/post-103/icon/KMPlayer-logo-new-75x75.png', 'The KMPlayer', '2021.05.26.23 + 4.2.2.53', 103);

-- --------------------------------------------------------

--
-- Table structure for table `posts`
--

CREATE TABLE `posts` (
  `id` bigint(20) UNSIGNED NOT NULL,
  `user_id` bigint(20) UNSIGNED NOT NULL,
  `title` text COLLATE utf8mb4_unicode_ci NOT NULL,
  `type` enum('نرم افزار','بازی','موبایل','مالتی مدیا') COLLATE utf8mb4_unicode_ci DEFAULT NULL,
  `first_content` text COLLATE utf8mb4_unicode_ci DEFAULT NULL,
  `wallpaper` text COLLATE utf8mb4_unicode_ci DEFAULT NULL,
  `views` int(11) NOT NULL DEFAULT 0,
  `created_at` timestamp NULL DEFAULT NULL,
  `updated_at` timestamp NULL DEFAULT NULL,
  `second_content` text COLLATE utf8mb4_unicode_ci DEFAULT NULL,
  `third_content` text COLLATE utf8mb4_unicode_ci DEFAULT NULL,
  `info` text COLLATE utf8mb4_unicode_ci DEFAULT NULL,
  `system_l` text COLLATE utf8mb4_unicode_ci DEFAULT NULL,
  `system_b` text COLLATE utf8mb4_unicode_ci DEFAULT NULL,
  `likes` int(11) NOT NULL DEFAULT 0,
  `dislikes` int(11) NOT NULL DEFAULT 0,
  `downloads` int(11) NOT NULL DEFAULT 0,
  `files_setup` text COLLATE utf8mb4_unicode_ci DEFAULT NULL,
  `files_info` text COLLATE utf8mb4_unicode_ci DEFAULT NULL,
  `download` text COLLATE utf8mb4_unicode_ci DEFAULT NULL,
  `tags` text COLLATE utf8mb4_unicode_ci DEFAULT NULL
) ENGINE=InnoDB DEFAULT CHARSET=utf8mb4 COLLATE=utf8mb4_unicode_ci;

--
-- Dumping data for table `posts`
--

INSERT INTO `posts` (`id`, `user_id`, `title`, `type`, `first_content`, `wallpaper`, `views`, `created_at`, `updated_at`, `second_content`, `third_content`, `info`, `system_l`, `system_b`, `likes`, `dislikes`, `downloads`, `files_setup`, `files_info`, `download`, `tags`) VALUES
(25, 1, 'دانلود مراسم E3 2021 – نمایشگاه سرگرمی های الکترونیکی ۲۰۲۱', 'مالتی مدیا', '<p dir=\"rtl\">مراسم E۳ ۲۰۲۱ به&zwnj;عنوان بیست و ششمین دوره از کنفرانس&zwnj;های E۳ محسوب می&zwnj;شود که برای دومین سال پیاپی، در دوران کرونا و با تاثیرپذیری آن برگزار می&zwnj;شود. کمپانی سونی بازهم در این مراسم حضور ندارد و همین موضوع سبب شده است که برگزار کنندگان با چالش&zwnj;های بسیار زیادی روبرو شوند. کنفرانس&zwnj;های مختلف این رویداد، همواره پیش از آغاز رسمی E۳ برگزار شده و این بار نیز همین روند برقرار بوده است. از مهم&zwnj;ترین تفاوت&zwnj;های امسال می&zwnj;توانیم به برگزاری مشترک کنفرانس ایکس باکس و بتسدا اشاره کنیم که بعد از خریداری شدن بتسدا، تصمیم گرفته&zwnj;اند که کنفرانس خود را با همدیگر برگزار کنند.</p>\r\n\r\n<p dir=\"rtl\">&mdash;&mdash;&mdash;&mdash;&mdash;&mdash;</p>\r\n\r\n<p dir=\"rtl\"><span style=\"color:#ff۰۰۰۰\"><strong>آپدیت (۲۶م خرداد ۱۴۰۰ ساعت ۰۲:۱۰):</strong></span> کنفرانس&zwnj; Nintendo Direct اضافه شد</p>\r\n\r\n<p dir=\"rtl\"><span style=\"color:#ff۰۰۰۰\"><strong>آپدیت (۲۵م خرداد ۱۴۰۰ ساعت ۱۲:۰۰):</strong></span> کنفرانس&zwnj;های Capcom و Razer اضافه شد</p>\r\n\r\n<p dir=\"rtl\"><span style=\"color:#ff۰۰۰۰\"><strong>آپدیت (۲۵م خرداد ۱۴۰۰ ساعت ۱۱:۱۴):</strong></span> کنفرانس مایکروسافت و بتسدا با کیفیت اولترا اچ دی WEB-DL ۲۱۶۰p ۴K UHD اضافه شد</p>', 'images/posts/post-25/wallpaper/E3-2021-Cover-Large.jpg', 5, '2021-06-17 00:47:01', '2021-08-14 15:00:44', NULL, NULL, NULL, NULL, NULL, 54, 5, 0, NULL, NULL, NULL, NULL),
(26, 1, 'دانلود مستند مزرعه کلارکسون Clarkson’s Farm S01 (2021)', 'مالتی مدیا', '<p dir=\"rtl\">کلارکسون در مستند Clarkson&rsquo;s Farm ۲۰۲۱ در تلاش برای راه اندازی یک مزرعه در حومه شهر است و برای این منظور، ماجراجویی&zwnj;های متنوعی را دنبال خواهد کرد. این مجری سرشناس، از رانندگی اتومبیل&zwnj;های مدرن فرار، لامبورگینی و برندهای دیگر، هم اکنون به تراکتورسواری روی آورده است و قصد دارند که با کمک متخصصین حاضر در حومه شهر، مزرعه خود را کم کم راه اندازی کند. در این راه، چالش&zwnj;های هیجان انگیزی اتفاق خواهد افتاد و برای بینندگان مستند گرند تور هم می&zwnj;تواند بسیار جذاب باشد. شم شوخ طبعی کلارکسون در این مستند هم وجود دارد و در هر قسمت می&zwnj;توانید از تماشای آن لذت ببرید. کلارکسون با مشکلات زیادی در این راه روبرو شده و سختی&zwnj;های زیادی را متحمل می&zwnj;شود. او یک تراکتور ساخت لامبورگینی را سوار شده و به اطراف می&zwnj;رود. او حیوانات زیادی را در مزرعه خود وارد کرده و قصد دارند که آن&zwnj;ها را مدیریت کند.</p>', 'images/posts/post-26/wallpaper/Clarksons-Farm-2021-Cover-Large.jpg', 15, '2021-06-17 00:51:37', '2021-08-14 15:00:32', NULL, NULL, NULL, NULL, NULL, 0, 0, 0, NULL, NULL, NULL, NULL),
(27, 1, 'دانلود فصل اول انیمیشن یاسوکه Yasuke 2021 – با زیرنویس فارسی', 'مالتی مدیا', '<p dir=\"rtl\">نام انیمیشن: Yasuke &ndash; یاسوکه</p>\r\n\r\n<p dir=\"rtl\">سال انتشار: ۲۰۲۱</p>\r\n\r\n<p dir=\"rtl\">ژانر: انیمیشن، اکشن، ماجرایی، درام، فانتزی، هیجان انگیز</p>\r\n\r\n<p dir=\"rtl\">مدت زمان: هر قسمت حدود ۳۰ دقیقه</p>\r\n\r\n<p dir=\"rtl\"><span style=\"color:#ff۰۰۰۰\"><strong>صدای انیمیشن: دوزبانه &ndash; انگلیسی + ژاپنی</strong></span></p>\r\n\r\n<p dir=\"rtl\">وضعیت پخش: اتمام فصل اول</p>\r\n\r\n<p dir=\"rtl\">کیفیت: WEBRip ۶Channel DUAL ۱۰۸۰p / WEBRip DUAL ۷۲۰p</p>\r\n\r\n<p dir=\"rtl\">زیرنویس فارسی: دارد؛ فصل اول به صورت کامل</p>\r\n\r\n<p dir=\"rtl\">زیرنویس انگلیسی: دارد؛ فصل اول به صورت کامل (ادغام&zwnj;شده با ویدیو)</p>\r\n\r\n<p dir=\"rtl\"><a href=\"https://www.imdb.com/title/tt۹۳۱۰۳۳۰/\" rel=\"nofollow noopener\" target=\"_blank\">IMDB</a></p>\r\n\r\n<p dir=\"rtl\">خلاصه داستان: انیمیشن یاسوکه (به انگلیسی: Yasuke ۲۰۲۱) در مورد شخصیتی به همین نام است که تازه از آفریقا رسیده و قصد دارد که در کنار یک فئودال توانا در ژاپن به نبردهای وحشیانه&zwnj;ای پایان دهد. این نبردها در قرن شانزدهم جریان داشته و می&zwnj;تواند برای جهان بسیار خطرناک باشد. در هر قسمت از این انیمیشن، شاهد هنرنمایی کسی هستیم که همه او را سامورایی سیاه نامگذاری کرده&zwnj;اند. او قصد دارد که به یک افسانه تبدیل شده و مردم کشور خود را نجات دهید. او شخصیت پیچیده&zwnj;ای داشته و به همین دلیل، اطرافیان چندانی دور خود ندارد.</p>', 'images/posts/post-27/wallpaper/Yasuke-2021-Cover-Large.jpg', 13, '2021-06-17 00:53:41', '2021-08-14 15:01:02', NULL, NULL, NULL, NULL, NULL, 1, 0, 0, NULL, NULL, NULL, NULL),
(28, 1, 'دانلود مجموعه کامل انیمیشن Teen Titans GO S01-S07 (2021)', 'مالتی مدیا', '<p dir=\"rtl\">نام انیمیشن: Teen Titans GO Season ۱-۷ &ndash; فصل اول الی هفتم انیمیشن سریالی تایتان های جوان حرکت!</p>\r\n\r\n<p dir=\"rtl\">سال انتشار: ۲۰۱۳-۲۰۲۱</p>\r\n\r\n<p dir=\"rtl\">مدت زمان: به طور میانگین هر قسمت ۱۱ دقیقه</p>\r\n\r\n<p dir=\"rtl\">حجم: به طور میانگین هر قسمت ۸۲/۶۴ مگابایت</p>\r\n\r\n<p dir=\"rtl\">کیفیت: WEB-DL ۷۲۰p / WEB-DL x۲۶۵ ۷۲۰p</p>\r\n\r\n<p dir=\"rtl\"><a href=\"http://www.imdb.com/title/tt۲۷۷۱۷۸۰/\" rel=\"noopener noreferrer\" target=\"_blank\">IMDB</a></p>\r\n\r\n<p dir=\"rtl\">زیرنویس فارسی: <strong>دارد، اختصاصی دانلودها</strong></p>\r\n\r\n<p dir=\"rtl\">خلاصه داستان: انیمیشن سریالی Teen Titans GO! که سری جدید از انیمیشن تایتان های جوان می باشد، تا به حال در طی چهار فصل از سال ۲۰۱۳ الی ۲۰۱۷ عرضه شده است. وبسایت دانلودها تصمیم گرفته است تا تمامی قسمت های این انیمیشن را به صورت کامل برای شما عزیزان آماده کند. انیمیشن سریالی تایتان های جوان حرکت! (به انگلیسی Teen Titans GO!) ساخته کشور امریکا می باشد که بر اساس کمیک های تیم هیروهای خیالی کمپانی DC یعنی همان تایتان های جوان پیاده شده است.</p>\r\n\r\n<p dir=\"rtl\">سری Teen Titans GO هیچ ارتباطی با بخش پیشین خود نداشته و داستانی کاملا جدید و مجزا را روایت می کند. انیمیشن سریالی تایتان های جوان حرکت! روایتگر ماجراجویی های تایتان های جوان ساکن در شهر Jump City می باشد در حالی که آن ها هنوز نوجوان بوده و درگیر نبردها و آشوب های بزرگسالان نشده اند و &hellip;</p>', 'images/posts/post-28/wallpaper/Teen-Titans-GO-tv-series-cover-large.jpg', 1, '2021-06-17 00:55:16', '2021-08-14 11:10:44', NULL, NULL, NULL, NULL, NULL, 0, 1, 0, NULL, NULL, NULL, NULL),
(29, 1, 'دانلود فصل دوم انیمیشن خانه جغد The Owl House S02 2021', 'مالتی مدیا', '<p dir=\"rtl\">نام انیمیشن: The Owl House &ndash; خانه جغد</p>\r\n\r\n<p dir=\"rtl\">سال انتشار: ۲۰۲۰-۲۰۲۱</p>\r\n\r\n<p dir=\"rtl\">ژانر: انیمیشن، اکشن، ماجرایی</p>\r\n\r\n<p dir=\"rtl\">مدت زمان: به طور میانگین هر قسمت ۲۲دقیقه</p>\r\n\r\n<p dir=\"rtl\">کیفیت: WEB-DL x۲۶۵ ۱۰۸۰p / WEB-DL x۲۶۵ ۷۲۰p / WEB-DL ۷۲۰p</p>\r\n\r\n<p dir=\"rtl\"><span style=\"color:#ff۰۰۰۰\">وضعیت پخش: در حال پخش فصل دوم&hellip;</span></p>\r\n\r\n<p dir=\"rtl\">زیرنویس فارسی: دارد، اختصاصی وبسایت دانلودها</p>\r\n\r\n<p dir=\"rtl\">زیرنویس انگلیسی: دارد، ادغام شده با ویدیو</p>\r\n\r\n<p dir=\"rtl\"><a href=\"https://www.imdb.com/title/tt۸۰۵۰۷۵۶/\" rel=\"nofollow noopener noreferrer\" target=\"_blank\">IMDB</a></p>\r\n\r\n<p dir=\"rtl\">خلاصه داستان: انیمیشن خانه جغد (The Owl House) در مورد نوجوانی است که در مکانی به نام Demon Realm گرفتار می شود و قصد دارد که با نیروهای شر مقابله کند. بدین ترتیب یک جادوگر و یک جنگجوی ریزه میزه هم در کنار وی حضور دارند و این سه نفر قصد دارند که تمام نیروهای شیطانی که سر راه خود می بینند را نابود سازند. این ماموریت در هر قسمت لحظات هیجان انگیزی را ایجاد می کند و نوجوان ما می فهمد که نقطه ضعف نیروهای شیطانی کجاها هستند.</p>\r\n\r\n<p dir=\"rtl\">شخصیت دوست داشتنی ماجرا که لوز نام دارد توسط یک پورتال وارد این جهان مخوف می شود و موجوداتی را می بیند که در عین ترسناک بودند گویا دوست و رفیق وی هستند. فضای فان و شاد در انیمیشن برقرار است و مدام می توانید از گفتگوی میان شخصیت ها لذت ببرید. لوز مناطق مختلف این جهان را اکتشاف می کند و متوجه می شود که واقعا چه نیروهایی قصد نابودی دنیای زیبایشان را دارند. دوست و دشمن مرز باریکی را باهم تشکیل می دهند و لوز باید بفهمد که چه شیاطینی در لباس دوست به وی نزدیک می شوند.</p>', 'images/posts/post-29/wallpaper/The-Owl-House-2020-Cover-Large.jpg', 0, '2021-06-17 00:56:33', '2021-07-13 13:08:21', NULL, NULL, NULL, NULL, NULL, 2, 0, 0, NULL, NULL, NULL, NULL),
(30, 1, 'دانلود فصل دوم انیمیشن آمفیبیا – Amphibia Season 2 (2019-2021)', 'مالتی مدیا', '<p dir=\"rtl\">نام انیمیشن: Amphibia &ndash; فصل اول و دوم انیمیشن آمفیبیا</p>\r\n\r\n<p dir=\"rtl\">سال انتشار: ۲۰۱۹-۲۰۲۱</p>\r\n\r\n<p dir=\"rtl\">ژانر: انیمیشن، ماجرایی، کمدی</p>\r\n\r\n<p dir=\"rtl\">مدت زمان: هر قسمت حدود ۲۲ دقیقه</p>\r\n\r\n<p dir=\"rtl\">کیفیت: WEBRip ۷۲۰p / WEBRip x۲۶۵ ۷۲۰p / WEBRip x۲۶۵ ۱۰۸۰p</p>\r\n\r\n<p dir=\"rtl\"><span style=\"color:#ff۰۰۰۰\">وضعیت پخش: اتمام فصل دوم</span></p>\r\n\r\n<p dir=\"rtl\">زیرنویس فارسی: دارد، اختصاصی وبسایت دانلوها!</p>\r\n\r\n<p dir=\"rtl\">زیرنویس انگلیسی: دارد، ادغام شده با ویدیو</p>\r\n\r\n<p dir=\"rtl\"><a href=\"https://www.imdb.com/title/tt۸۰۵۰۷۴۰/\">IMDB</a></p>\r\n\r\n<p dir=\"rtl\">خلاصه داستان: انیمیشن سریالی آمفیبیا (به انگلیسی: Amphibia) در مورد دختری معمولی به نام آنه بونشوی ۱۳ ساله است که گنجینه ای هیجان انگیز پیدا و توسط آن به دنیای آمفیبیا سفر می کند. آمفیبیا جهانی پر از قورباغه ها و حشرات غول پیکر است و او آمده است که برای اولین بار یک رابطه دوستی در اینجا برای خودش پیدا کند. او در دنیای واقعی ناموفق بوده است و حال سعی می کند که از اسپرینگ کمک بگیرد و دوستان جدید زیادی برای خودش پیدا کند. دنیای جدید کاملا جادیی است و به نوعی همه آنها تبدیل به قوباغه ها و حشرات مختلفی شده اند. فضای شاد و سرگرم کننده ای در این انیمیشن وجود دارد که آنه آن را بسیار دوست دارد و فرصتی است که به ماجراجویی های موردعلاقه اش بپردازد.</p>', 'images/posts/post-30/wallpaper/Amphibia-2019-Cover-Large.jpg', 0, '2021-06-17 01:31:41', '2021-06-26 14:27:12', NULL, NULL, NULL, NULL, NULL, 0, 0, 0, NULL, NULL, NULL, NULL),
(98, 1, 'دانلود ویندوز ۱۱ – Windows 11 Build 21996.1 Consumer Edition', 'نرم افزار', '<p dir=\"rtl\" style=\"text-align:center\"><span style=\"color:#e74c3c\"><strong>|به همراه آموزش نصب تصویری کامل ویندوز ۱۱ &ndash; انحصاری دانلودها|</strong></span></p>\r\n\r\n<p dir=\"rtl\" style=\"text-align:center\"><span style=\"color:#2ecc71\"><strong>|آموزش رفع مشکل This PC Can&rsquo;t Run Windows ۱۱ یا همان TPM ۲.۰ اضافه شد|</strong></span></p>\r\n\r\n<p dir=\"rtl\" style=\"text-align:justify\">بالاخره و بعد از مدت&zwnj;ها نسخه جدیدی از سیستم عامل ویندوز ارائه شده و بخش اعظمی از تغییرات آن، مربوط به رابط کاربری خواهد بود. طی روزهای آینده، مایکروسافت قرار است که از جدیدترین نسخه ویندوز خود با اسم رمز Sun Valley رونمایی کند. بخش قابل توجهی از تغییرات UX این ویندوز، از پوسته ویندوز ۱۰X الهام گرفته است و درواقع، نسخه ۱۰X راهی بازار نخواهد شد. همان&zwnj;طور که انتظار می&zwnj;رفت، طی هفته&zwnj;های گذشته، اطلاعات جدیدی از ویندوز ۱۱ فاش شده و طرفداران توانستند نگاهی به رابط کاربری آن بیندازند. Windows ۱۱ از طراحی کاملا جدیدی برخوردار خواهد بود. مایکروسافت طراحی جدید و جذابی برای آن تدارک دیده است و مدت&zwnj;ها بود که با اسم رمز Sun Valley در حال طراحی و اماده سازی آن بود.</p>', 'images/posts/post-98/wallpaper/Windows-11-Cover.jpg', 11, '2021-06-21 12:22:35', '2021-08-14 14:53:37', '<p dir=\"rtl\">زمینه شفاف ویندوز ۱۱ با تاری قابل تغییر، در همه بخش&zwnj;های ویندوز وجود خواهد داشت و می&zwnj;توانیم شاهد سبک جزیره&zwnj;ای نمایش پنجره&zwnj;ها در هنگام جستجوی وب باشیم. ویندوز ۱۱ دارای آیکون&zwnj;های جدیدی خواهد بود و دیگر شاهد آیکون&zwnj;های ویندوز ۹۵ نخواهیم بود. مایکروسافت سرانجام تصمیم گرفته است که آیکون&zwnj;هایی که در سیستم مورد استفاده قرار می&zwnj;گیرد را به کل تغییر داده و دیگر از سبک&zwnj;های قدیمی ویندوز ۹۵ استفاده نکند. ویندوز ۱۱ دارای نوآوری&zwnj;های کاربردی خواهد بود، اما این تغییرات چندان زیاد نخواهد بود. به حال در آینده اطلاعات بیشتری می&zwnj;توانیم کسب کنیم.</p>', NULL, '<p>Windows 11 will receive a completely new design. Microsoft clearly needs a good reason to reverse its past claims and still ditch Windows 10 by introducing a new operating system number. And a completely new design is great for that. The Redmond giant has long been preparing a redesign for an update with the code name Sun Valley (&ldquo;Sun Valley&rdquo;) &ndash; apparently, under this naming it was Windows 11. The Sun Valley project flashed on the network for a long time &ndash; Microsoft regularly disclosed details of the new interface style, insiders shared the unknown previously information, and popular designers in their circles drew realistic concepts based on all this data.</p>', '<p>Processor: Dual-core 1.2GHz (32-bit) or 1.4GHz (64-bit)</p>\r\n\r\n<p>RAM: 2GB</p>\r\n\r\n<p>Display: 1024&times;768 pixels</p>\r\n\r\n<p>Hard Disk Capacity: 15GB (at least)</p>', '<p style=\"text-align:justify\">Processor: Quad-core 2GHz or faster</p>\r\n\r\n<p style=\"text-align:justify\">RAM: 4GB or more</p>\r\n\r\n<p style=\"text-align:justify\">Display: 1680&times;1050 pixels</p>\r\n\r\n<p style=\"text-align:justify\">Hard Disk Capacity: 18GB or more (for installation only)</p>', 10, 2, 0, '<div class=\"panel-body\" dir=\"rtl\">\r\n<p>&mdash;&mdash;&mdash;&mdash;&mdash;&mdash;&mdash;&ndash;</p>\r\n\r\n<p><a href=\"https://soft1.downloadha.com/NarmAfzaar/June2021/Windows.11.Installation.Guide_www.Downloadha.com_.rar\"><span style=\"color:#ff0000\"><strong>دانلود و مشاهده آموزش نصب تصویری کامل ویندوز 11 با فعال&zwnj;سازی کامل</strong></span></a></p>\r\n\r\n<p>&mdash;&mdash;&mdash;&mdash;&mdash;&mdash;&mdash;&ndash;</p>\r\n\r\n<p><span style=\"color:#339966\"><strong>آموزش نصب نوشتاری:</strong></span></p>\r\n\r\n<p style=\"text-align:justify\">1) فایل&zwnj;های فشرده را دانلود کرده و توسط نرم افزار WinRar اکسترکت کنید تا فایل ISO به شما داده شود.</p>\r\n\r\n<p style=\"text-align:justify\">2) فایل ISO بدست آمده را از طریق نرم افزار RUFUS به صورت بوتیبل بر روی فلش خود کپی کنید و یا از طریق نرم افزارهای رایت ایمیج، آن را بر روی DVD رایت نمایید.</p>\r\n\r\n<p style=\"text-align:justify\">3) ویندوز را نصب کنید. در ابتدای نصب از شما درخواست سریال نامبر برای نصب می&zwnj;شود، لطفا گزینه I Don&rsquo;t Have a License Key را بزنید و نصب را ادامه بدهید.</p>\r\n\r\n<p style=\"text-align:justify\">4) پس از اتمام نصب، لطفا فایل فعال ساز را اجرا کنید. بر روی آیکون ویندوز کلیک کنید (نزدیک به گزینه Settings می&zwnj;باشد). وارد زبانه Activation شده و گزینه EZ-Activator را انتخاب نمایید.</p>\r\n\r\n<p style=\"text-align:justify\">5) اجازه بدهید تا عملیات فعال سازی انجام شود و ویندوز شما اکتیو شود.</p>\r\n\r\n<p>&mdash;&mdash;&mdash;&mdash;&mdash;&mdash;&mdash;&ndash;</p>\r\n\r\n<p style=\"text-align:justify\"><span style=\"color:#339966\"><strong>آموزش رفع مشکل This PC Can&rsquo;t Run Windows 11 یا همان TPM 2.0</strong></span></p>\r\n\r\n<p style=\"text-align:justify\">کاربران عزیز لطفا دقت داشته باشید که این مشکل اکثرا در سیستم&zwnj;هایی بوجود می&zwnj;آید که از قطعات AMD استفاده می&zwnj;کنند. برای رفع این مشکل، 2راه پیش روی شماست:</p>\r\n\r\n<p style=\"text-align:justify\"><span style=\"color:#ff6600\"><strong>روش اول)</strong> </span>اگر مادربرد شما از قابلیت Secure Boot پشتیبانی کند، لطفا گزینه Secure Boot را در تنظیمات ابتدایی سیستم خود (BIOS) اعمال کنید. البته گزینه CPU TPM هم در صورت وجود در قابلیت&zwnj;های سیستم شما بایستی فعال شود.</p>\r\n\r\n<p style=\"text-align:justify\">&mdash;&mdash;&mdash;-</p>\r\n\r\n<p style=\"text-align:justify\"><span style=\"color:#ff6600\"><strong>روش دوم)</strong> </span>اگر قابلیت&zwnj;های مورد اول را ندارید، لطفا فایل زیر را دانلود کنید:</p>\r\n\r\n<p style=\"text-align:justify\"><a href=\"https://dl6.downloadha.com/hosein/soft/June2021/TPM.2.0.FiX.Win11_www.Downloadha.com_.zip\">دانلود فایل فیکس برای مشکل TPM 2.0 از لینک مستقیم</a></p>\r\n\r\n<p style=\"text-align:justify\">فایل ISO ویندوز خود را توسط RUFUS بر روی USB Flash خود نصب کنید. حالا داخل فایل فلش خود شده و به پوشه sources مراجعه نمایید. فایل فیکس که دانلود کرده اید (فایل با پسوند .dll) را در این پوشه کپی کنید و اگر پیغام replace داده شد، تایید کنید.</p>\r\n\r\n<p style=\"text-align:justify\">حال از طریق بوت، اقدام به نصب نمایید و بایستی مشکل TPM 2.0 برای شما برطرف شده باشد.</p>\r\n\r\n<p style=\"text-align:justify\">&mdash;&mdash;&mdash;-</p>\r\n\r\n<p style=\"text-align:justify\"><span style=\"color:#ff6600\"><strong>روش سوم)</strong> </span>در صفحه&zwnj;ای که خطای TPM 2.0 به شما داده می&zwnj;شود، لطفا کلید ترکیبی Shift+F10 را بزنید تا صفحه CMD برای شما نمایش داده شود. سپس دستور زیر را اجرا کنید و مجدد برای نصب تلاش نمایید:</p>\r\n\r\n<p style=\"text-align:center\"><span style=\"color:#ff0000\">gpupdate /force</span></p>\r\n</div>', '<ul>\r\n	<li>حجم فایل: 4.1گیگابایت</li>\r\n	<li>شرکت سازنده:</li>\r\n	<li>تاریخ انتشار: JUN-18-2021</li>\r\n	<li>منبع: <a href=\"https://www.downloadha.com\"> دانلود ها - دانلود رایگان نرم افزار،بازی،فیلم و سریال</a></li>\r\n	<li>قیمت: نامشخص</li>\r\n</ul>', '<div dir=\"rtl\" id=\"dlhaid2\">\r\n<p style=\"text-align:justify\"><span style=\"color:#ff0000\"><strong>هشدار بسیار مهم!</strong></span> نسخه فعلی، نسخه غیررسمی و لیک&zwnj;شده از ویندوز 11 می&zwnj;باشد. گویا قرار است مایکروسافت در 24م ژوئن 2021 ویندوز 11 را به صورت رسمی در دسترس کاربران قرار بدهد.</p>\r\n\r\n<p>----------------------</p>\r\n\r\n<p><a href=\"https://dl6.downloadha.com/hosein/soft/June2021/Windows.11.DEV.build.21996.1_ACTIVATOR_www.Downloadha.com_.rar\">دانلود فعال&zwnj;ساز مناسب برای ویندوز 11 - نسخه Consumer Dev Build Activator</a></p>\r\n\r\n<p>----------------------</p>\r\n\r\n<p><strong>دانلود ویندوز 11 - باندل کانسیومر ریلیز غیررسمی (لیک شده):</strong></p>\r\n\r\n<p><span style=\"color:#008000\">توضیحات بیشتر:</span> Build 21996.1.210529 - Consumer Edition DEV</p>\r\n\r\n<p><span style=\"color:#008000\">نسخه&zwnj;های موجود در این باندل:</span> Home, Education, Pro, Pro Education, Pro for Workstation</p>\r\n\r\n<p><a href=\"https://dl6.downloadha.com/hosein/soft/June2021/Windows.11.DEV.build.21996.1.Consumer.x64_www.Downloadha.com_.part1.rar\">دانلود پارت 1 با لینک مستقیم</a></p>\r\n\r\n<p><a href=\"https://dl6.downloadha.com/hosein/soft/June2021/Windows.11.DEV.build.21996.1.Consumer.x64_www.Downloadha.com_.part2.rar\">دانلود پارت 2 با لینک مستقیم</a></p>\r\n\r\n<p><a href=\"https://dl6.downloadha.com/hosein/soft/June2021/Windows.11.DEV.build.21996.1.Consumer.x64_www.Downloadha.com_.part3.rar\">دانلود پارت 3 با لینک مستقیم</a></p>\r\n</div>', NULL),
(99, 1, 'دانلود لایت روم Adobe Photoshop Lightroom Classic v10.3.0.10 + CC v3.4.0', 'نرم افزار', '<p dir=\"rtl\" style=\"text-align:justify\">نرم افزار ادوبی لایت روم Adobe Photoshop Lightroom یکی از برنامه های مفید و ضروری برای عکاسان می باشد که توسط این نرم افزار حرفه ای می توانند بر روی عکس های خود مدیریت کنند و تنظیمات حرفه ای را بر روی عکس های خود انجام دهند در نتیجه شما می توانید وقت به نسبت کمتری را در پشت کامپیوتر خود نسبت به پشت لنز دوربین بگزرانید. با صرف مدت زمان کمی می توانید عکس ها را مرتب و دسته بندی کرده و تصحیح کردن عکس ها را انجام دهید و عکس های اضافی را حذف کنید.</p>\r\n\r\n<p dir=\"rtl\" style=\"text-align:justify\">ظاهر نرم افزار بسیار ساده و زیبا می باشد و عکس های داخل برنامه شده را در با چیدمان سریع و آسان در معرض دید شما قرار می دهد. ادوبی فتوشاپ لایت روم یک پردازشگر و ویرایشگر عکس می&zwnj;باشد که توسط شرکت ادوبی برای ویندوز و او اس ده منتشر شده است. این برنامه به کاربر اجازه دیدن، ویرایش و روتوش تعداد زیادی از عکس&zwnj;های دیجیتالی را می&zwnj;دهد. لایت روم یک فایل منیجر (مثل ادوبی بریج) نیست و نمی&zwnj;تواند عکس&zwnj;ها را اداره کند مگر اینکه به دیتا بیس آن ریخته شوند.</p>', 'images/posts/post-99/wallpaper/Photoshop.Lightroom.jpg', 3, '2021-08-13 09:40:11', '2021-08-14 15:00:15', '<p dir=\"rtl\" style=\"text-align:justify\">در نسخه ۲۰۱۸ دانلود لایت روم، ادوبی تصمیم گرفته است تا بهینه سازی ها و امکانات بسیار زیادی را در این نرم افزار لحاظ کند. از جمله بهینه سازی ها می توان به بهبود سرعت بارگذاری نرم افزار، فشرده سازی و آپگرید کاتالوگ در هر دو حالت Import و Export، سرعت Import بیشتر در حالت های استاندارد، ۱:۱ و پیش نمایش، سرعت بالاتر انتخاب تصاویر در حالتی که تصاویر شما در حالت Embedded Previews بارگذاری شده اند، تولید پیش نمایش های هوشمند، پرش به سرعت از ماژول Library به Develop، بهبود حرکات اسلایدر و قلم مو، بارگذاری چهره ی افراد در حالت People و &hellip; اشاره نمود.</p>\r\n\r\n<p dir=\"rtl\" style=\"text-align:justify\"><span style=\"color:#۰۰۸۰۰۰\"><strong>ویژگی های جدید لایت روم ۲۰۱۸:</strong></span></p>\r\n\r\n<p dir=\"rtl\" style=\"text-align:justify\">کنترل بسیار بالا بر روی نقاط انتخاب شده با استفاده از ابزار Color and Luminance Range Masking</p>\r\n\r\n<ul dir=\"rtl\">\r\n	<li style=\"text-align:justify\">کاهش بهتر نویزهای تصاویر در حالت Auto-Masking با به روزرسانی Process Version ۴ که در بخش Camera Calibration قرار دارد.</li>\r\n	<li style=\"text-align:justify\">وجود حالت اولویت فیلتر (به انگلیسی: Filter Criteria) در دو بخش Smart Collections: Title که دو حالت خالی یا پر دارد و Lens Profile که حالت فعال یا غیرفعال دارد.</li>\r\n	<li style=\"text-align:justify\">کنترل بهتر امور دسته ای که برای ادغام انجام می شود و رابط کاربری آن شفاف تر شده است.</li>\r\n	<li style=\"text-align:justify\">پشتیبانی از دوربین ها و لنزهای جدید</li>\r\n</ul>', NULL, '<p>Adobe Photoshop Lightroom CC &ndash; Capture the full range of light. Create amazing images from challenging high-contrast scenes. New HDR Merge lets you combine multiple photos taken with different exposure settings into a single high dynamic range image. Don&rsquo;t let dust spots, splotches, or other distractions and flaws get in the way of a great shot. With the Advanced Healing Brush in Adobe Photoshop Lightroom, you can not only change the brush size but also move it in precise paths. Unwanted scene elements &mdash; even those with irregular shapes such as threads just disappear.</p>', NULL, '<div class=\"panel-body\">\r\n<div class=\"text-center\">\r\n<p style=\"text-align:justify\"><span style=\"color:#ff۰۰۰۰\"><strong>Windows:</strong></span></p>\r\n\r\n<p style=\"text-align:justify\">&ndash; Intel&reg; or AMD processor with ۶۴-bit support*</p>\r\n\r\n<p style=\"text-align:justify\">&ndash; Windows ۷ with Service Pack ۱, Windows ۸, or Windows ۸.۱</p>\r\n\r\n<p style=\"text-align:justify\">&ndash; ۲ GB of RAM (۴ GB recommended)</p>\r\n\r\n<p style=\"text-align:justify\">&ndash; ۲ GB of available hard-disk space</p>\r\n\r\n<p style=\"text-align:justify\">&ndash; DVD-ROM drive required if purchasing Adobe&reg; Photoshop&reg; Lightroom&reg; retail boxed version</p>\r\n\r\n<p style=\"text-align:justify\">&ndash; OpenGL ۳.۳ and DirectX ۱۰-capable video adapter for GPU-related functionality</p>\r\n\r\n<p style=\"text-align:justify\">&ndash; Internet connection and registration are necessary for required software activation, validation of subscriptions, and access to online services.</p>\r\n\r\n<p>&nbsp;</p>\r\n\r\n<p style=\"text-align:justify\"><span style=\"color:#ff۰۰۰۰\"><strong>macOS:</strong></span></p>\r\n\r\n<p style=\"text-align:justify\">&ndash; Multicore Intel processor with ۶۴-bit support*</p>\r\n\r\n<p style=\"text-align:justify\">&ndash; Mac OS X v۱۰.۱۱ (El Capitan), macOS v۱۰.۱۲ (Sierra), or macOS v۱۰.۱۳ (High Sierra)**</p>\r\n\r\n<p style=\"text-align:justify\">&ndash; ۴ GB of RAM (۸ GB recommended)</p>\r\n\r\n<p style=\"text-align:justify\">&ndash; ۱۰۲۴ x ۷۶۸ display</p>\r\n\r\n<p style=\"text-align:justify\">&ndash; ۲ GB of available hard-disk space for program installation (cannot install on a volume that uses a case-sensitive file system or on removable flash storage devices).</p>\r\n</div>\r\n</div>', 2, 0, 0, '<div class=\"panel-body\" dir=\"rtl\">\r\n<p style=\"text-align:justify\"><span style=\"color:#339966\"><strong>آموزش نصب نسخه 2020 و 2021:</strong></span></p>\r\n\r\n<p style=\"text-align:justify\"><span style=\"color:#3366ff\"><strong>لایت روم کلاسیک 2020 و 2021:</strong></span></p>\r\n\r\n<p style=\"text-align:justify\">این نسخه، به صورت کاملا کرک شده و آفلاین می باشد و سالم است. مهم نیست به اینترنت متصل هستید یا خیر، فقط کافیست با اجرای فایل Set-up.exe به صورت Run as Administrator اقدام به نصب کنید.</p>\r\n\r\n<p style=\"text-align:justify\"><span style=\"color:#3366ff\"><strong>لایت روم سی سی 2020 و 2021:</strong></span></p>\r\n\r\n<p style=\"text-align:justify\">1) وارد پوشه Setup شده و اقدام به نصب نرم افزار کنید.</p>\r\n\r\n<p style=\"text-align:justify\">2) پس از اتمام نصب، مطمئن شوید که به اینترنت متصل هستید. نرم افزار را یکبار اجرا کنید و به صورت آزمایشی (Trial) ثبت نام کنید (ترجیحا با اکانت جعلی). پس از ثبت نام موفق، نرم افزار را ببندید.</p>\r\n\r\n<p style=\"text-align:justify\">3) محتوای درون پوشه Crack را در محل نصب نرم افزار خود کپی و جایگزین کنید.</p>\r\n\r\n<p style=\"text-align:justify\">4) نرم افزار را اجرا کنید.</p>\r\n\r\n<p>========</p>\r\n\r\n<p style=\"text-align:justify\"><span style=\"color:#008000\"><strong>آموزش نصب نسخه 2019 &ndash; روش اول:</strong></span></p>\r\n\r\n<p><a href=\"https://dl5.downloadha.com/hosein/NarmAfzaar/November2018/Adobe.Photoshop.CC.2019.Installation.Guide_www.Downloadha.com_.rar\"><strong>آموزش نصب تصویری محصولات ادوبی 2019 توسط ابزار CCMaker</strong></a></p>\r\n\r\n<p style=\"text-align:justify\">1) ابتدا مطمئن شوید که اتصال شما از اینترنت قطع می باشد. فایل دانلودی خود را اکسترکت نمایید. حال، <a href=\"https://dl5.downloadha.com/hosein/NarmAfzaar/N-A2/CCMaker.v1.3.6.rar\">نرم افزار CCMaker</a> را به صورت Run as Administrator اجرا کنید.</p>\r\n\r\n<p style=\"text-align:justify\">2) در محیط CCMaker بر روی گزینه ی Install کلیک کنید. سپس فایل driver.xml که در پوشه ی products قرار دارد را انتخاب کنید. برای فعال سازی زبان فارسی (اگر نرم افزار شما پشتیبانی می کند)، لطفا زبان en-AE را در هنگام نصب انتخاب نمایید.</p>\r\n\r\n<p style=\"text-align:justify\">3) حتما تیک گزینه ی Install AMTEmu را بردارید تا مشکلی در فعال سازی نرم افزار شما پیش نیاید. پس از اتمام نصب، تمامی محتویات پوشه ی Crack را در محل نصب نرم افزار خود کپی و جایگزین نمایید.</p>\r\n\r\n<p style=\"text-align:justify\">4) نرم افزار را اجرا کنید. وارد بخش Edit -&gt; Preferences -&gt; General بشوید و گزینه ی Disable Home Screen را انتخاب نمایید. هم چنین می توانید با استفاده از فایل CC 2019 home screen fix.exe این کار را انجام دهید.</p>\r\n\r\n<p style=\"text-align:justify\">5) تمامی فایل های اجرایی نرم افزار را در فایروال خود بلاک کنید. نرم افزار را ببندید. اینترنت خود را متصل کرده و مجدد اجرا نمایید.</p>\r\n\r\n<p>========</p>\r\n\r\n<p style=\"text-align:justify\"><span style=\"color:#008000\"><strong>آموزش نصب نسخه 2019 &ndash; روش دوم:</strong></span></p>\r\n\r\n<p style=\"text-align:justify\">1) ابتدا مطمئن شوید دسترسی شما از اینترنت کاملا قطع است. سپس فایل Set-up.exe را اجرا کنید.</p>\r\n\r\n<p style=\"text-align:justify\">2) تمامی فایل های اجرایی نرم افزار را در فایروال خود بلاک کنید تا به اینترنت دسترسی نداشته باشند.</p>\r\n\r\n<p style=\"text-align:justify\">3) آپدیت نکردن نرم افزار را رعایت کنید و دسترسی نرم افزار را به صورت کامل از اینترنت قطع نمایید تا کرک غیرفعال نشود.</p>\r\n\r\n<p>========</p>\r\n\r\n<p><span style=\"color:#008000\"><strong>آموزش نصب نسخه 2018:</strong></span></p>\r\n\r\n<p style=\"text-align:justify\">1) ابتدا مطمئن شوید آنتی ویروس شما به طور کامل غیرفعال می باشد تا فایل فعال ساز را حذف نکند. سپس به اکسترکت نرم افزار بپردازید.</p>\r\n\r\n<p style=\"text-align:justify\">2) بر روی فایل اجرایی&nbsp;Set-up.exe درون پوشه Install کلیک کنید تا نصب نرم افزار آغاز شود. پس از اتمام نصب، حتما اینترنت خود را قطع کنید تا فرایند فعال سازی به مشکل برخورد نکند.</p>\r\n\r\n<p style=\"text-align:justify\">3) وارد پوشه ACTIVATORS شوید و با یکی از فعال سازها، نرم افزار را فعال کنید. فعال ساز پیشنهادی ما AMT.Emulator.v0.9 می باشد. فعال ساز را به صورت Run as Administrator اجرا کنید. نرم افزار مورد نظر خود را از لیست بازشو انتخاب کنید و بر روی گزینه Install کلیک کنید.</p>\r\n\r\n<p style=\"text-align:justify\">4) به شما اخطار داده می شود که فایل پیدا نشد. پس بایستی آن را به صورت دستی انتخاب کنید. برای این امر، به محل نصب نرم افزار مراجعه کنید و فایل amtlib.dll را انتخاب کرده و Open را بزنید تا نرم افزار فعال شود.</p>\r\n\r\n<p style=\"text-align:justify\">5) پس از اتمام فعال سازی، نرم افزار را اجرا کرده و از آن لذت ببرید.</p>\r\n\r\n<p style=\"text-align:justify\"><span style=\"color:#ff0000\"><strong>نکته اول!</strong> </span>دقت کنید که shortcut برای شما روی دسکتاپ ایجاد نمی شود و بایستی از محل نصب نرم افزار، آن را اجرا کنید.</p>\r\n\r\n<p style=\"text-align:justify\"><span style=\"color:#ff0000\"><strong>نکته دوم!</strong></span> داشتن پیش نیاز Visual C++ 2017 <span style=\"color:#ff0000\">الزامی</span> می باشد. برای دانلود این پیش نیاز <a href=\"https://www.downloadha.com/software/microsoft-visual-c-redistributable/\" rel=\"noopener noreferrer\" target=\"_blank\">لطفا اینجا را کلیک کنید</a>.</p>\r\n</div>', '<div class=\"no-space panel-body\" dir=\"rtl\">\r\n<ul>\r\n	<li>حجم فایل: متغیر بنا به نسخه مورد نظر!</li>\r\n	<li>شرکت سازنده:</li>\r\n	<li>تاریخ انتشار:</li>\r\n	<li>JUN-۰۷-۲۰۲۱منبع: <a href=\"https://www.downloadha.com\"> دانلود ها - دانلود رایگان نرم افزار،بازی،فیلم و سریال</a></li>\r\n	<li>قیمت: ۲۹۹.۰۰ دلار</li>\r\n</ul>\r\n</div>', '<p dir=\"rtl\" style=\"text-align:center\">&mdash;&mdash;&mdash;&mdash;&mdash;&mdash;&mdash;&mdash;&mdash;&mdash;-</p>\r\n\r\n<p dir=\"rtl\" style=\"text-align:center\"><span style=\"color:#008000\"><strong>دانلود نسخه های لایت روم سی سی</strong></span></p>\r\n\r\n<p dir=\"rtl\" style=\"text-align:center\">نیازمند ویندوز 10 ورژن v1507 به بالا</p>\r\n\r\n<p dir=\"rtl\" style=\"text-align:center\">&mdash;&mdash;&mdash;&mdash;&mdash;&mdash;&mdash;&mdash;&mdash;&mdash;-</p>\r\n\r\n<p dir=\"rtl\"><span style=\"color:#ff0000\"><strong>نسخه های 2020:</strong></span></p>\r\n\r\n<p dir=\"rtl\"><a href=\"https://soft1.downloadha.com/NarmAfzaar/October2020/Adobe.Photoshop.Lightroom.3.4.0_www.Downloadha.com_.rar\">لینک دانلود<strong> نسخه نصبی</strong> با حجم 658 مگابایت</a></p>\r\n\r\n<p dir=\"rtl\" style=\"text-align:justify\"><span style=\"color:#ff6600\">توجه درباره کرک لایت روم سی سی 2020:</span> کرک فعلی برای لایت روم سی سی 2020 ابتدا نیاز به ثبت نام با اکانت جعلی دارد و سپس آفلاین کرک می شود. لطفا بخش راهنمای نصب را برای استفاده از این نسخه بادقت مطالعه کنید و در صورت عدم تمایل به این روش، فعلا از نسخه 2019 استفاده کنید تا کرک کاملا آفلاین برای نسخه 2020 لایت روم سی سی منتشر شود. با تشکر.</p>\r\n\r\n<p dir=\"rtl\">&mdash;&mdash;&mdash;&ndash;</p>\r\n\r\n<p dir=\"rtl\"><span style=\"color:#ff0000\"><strong>نسخه های 2019:</strong></span></p>\r\n\r\n<p dir=\"rtl\"><a href=\"https://dl5.downloadha.com/hosein/NarmAfzaar/September2019/Adobe.Photoshop.Lightroom.CC.2.4.1.x64_www.Downloadha.com_.rar\">لینک دانلود<strong> نسخه نصبی</strong> با حجم 691 مگابایت</a></p>\r\n\r\n<p dir=\"rtl\"><a href=\"https://dl5.downloadha.com/hosein/NarmAfzaar/December2017/Adobe.Photoshop.Lightroom.CC.v1.0.0.10.Portable_www.Downloadha.com_.rar\">لینک دانلود<strong> نسخه پرتابل</strong> با حجم 870مگابایت</a></p>\r\n\r\n<p dir=\"rtl\"><a href=\"https://dl5.downloadha.com/hosein/NarmAfzaar/May2019/Adobe.Photoshop.Lightroom.CC.v2.3.macOS_www.Downloadha.com_.rar\">دانلود نسخه <strong>سیستم عامل مک</strong> با لینک مستقیم</a></p>\r\n\r\n<p dir=\"rtl\">&mdash;&mdash;&mdash;&ndash;</p>\r\n\r\n<p dir=\"rtl\" style=\"text-align:center\">&mdash;&mdash;&mdash;&mdash;&mdash;&mdash;&mdash;&mdash;&mdash;&mdash;-</p>\r\n\r\n<p dir=\"rtl\" style=\"text-align:center\"><span style=\"color:#008000\"><strong>دانلود نسخه های لایت روم کلاسیک</strong></span></p>\r\n\r\n<p dir=\"rtl\" style=\"text-align:center\">قابل نصب بر روی همه سیستم عامل ها</p>\r\n\r\n<p dir=\"rtl\" style=\"text-align:center\">&mdash;&mdash;&mdash;&mdash;&mdash;&mdash;&mdash;&mdash;&mdash;&mdash;-</p>\r\n\r\n<p dir=\"rtl\">&nbsp;</p>\r\n\r\n<p dir=\"rtl\">&mdash;&mdash;&mdash;&ndash;</p>\r\n\r\n<p dir=\"rtl\"><span style=\"color:#ff0000\"><strong>نسخه های 2021:</strong></span></p>\r\n\r\n<p dir=\"rtl\"><a href=\"https://soft1.downloadha.com/NarmAfzaar/January2021/Adobe.Photoshop.Lightroom.Classic.CC.10.0.0_All-OS_www.Downloadha.com_.rar\">دانلود<strong> نسخه نصبی ویندوز</strong> با حجم 1.07 گیگابایت</a> &ndash; ویندوز 7، 8.1 و 10</p>\r\n\r\n<p dir=\"rtl\"><a href=\"https://dl6.downloadha.com/hosein/soft/June2021/Adobe.Photoshop.Lightroom.Classic.10.3.0.10_Win10_www.Downloadha.com_.rar\">دانلود<strong> نسخه نصبی ویندوز</strong> با حجم 1.1 گیگابایت</a> &ndash; فقط ویندوز 10</p>\r\n\r\n<p dir=\"rtl\"><a href=\"https://dl6.downloadha.com/hosein/soft/June2021/Adobe.Photoshop.Lightroom.Classic.10.2.macOS_www.Downloadha.com_.rar\">دانلود نسخه <strong>سیستم عامل مک</strong> با حجم 1.7 گیگابایت</a></p>\r\n\r\n<p dir=\"rtl\">&mdash;&mdash;&mdash;&ndash;</p>\r\n\r\n<p dir=\"rtl\"><span style=\"color:#ff0000\"><strong>نسخه های 2020:</strong></span></p>\r\n\r\n<p dir=\"rtl\"><a href=\"https://soft1.downloadha.com/NarmAfzaar/August2020/Adobe.PS.Lightroom.Classic.CC.9.4.0.10-ALL_OS_www.Downloadha.com_.rar\">دانلود<strong> نسخه نصبی ویندوز</strong> با حجم 1.20 گیگابایت</a> &ndash; ویندوز 7، 8.1 و 10</p>\r\n\r\n<p dir=\"rtl\"><a href=\"https://soft1.downloadha.com/NarmAfzaar/August2020/Adobe.Photoshop.Lightroom.Classic.9.4.0.10_Win10_www.Downloadha.com_.rar\">دانلود<strong> نسخه نصبی ویندوز</strong> با حجم 1.20 گیگابایت</a> &ndash; فقط ویندوز 10</p>\r\n\r\n<p dir=\"rtl\"><a href=\"https://soft1.downloadha.com/NarmAfzaar/February2020/Adobe.Lightroom.Classic.2020.v9.2.0.10.ML.Portable_www.Downloadha.com_.rar\">دانلود<strong> نسخه پرتابل</strong> با حجم 1.09 گیگابایت</a></p>\r\n\r\n<p dir=\"rtl\"><a href=\"https://soft1.downloadha.com/NarmAfzaar/October2020/Adobe.Photoshop.Lightroom.Classic.CC.9.4.0.10.macOS_www.Downloadha.com_.rar\">دانلود نسخه <strong>سیستم عامل مک</strong> با حجم 1.3 گیگابایت</a></p>\r\n\r\n<p dir=\"rtl\">&mdash;&mdash;&mdash;&ndash;</p>\r\n\r\n<p dir=\"rtl\"><span style=\"color:#ff0000\"><strong>نسخه های 2019:</strong></span></p>\r\n\r\n<p dir=\"rtl\"><a href=\"https://dl5.downloadha.com/hosein/NarmAfzaar/September2019/Adobe.Photoshop.Lightroom.Classic.CC.v8.4.1.10_www.Downloadha.com_.rar\">دانلود<strong> نسخه نصبی ویندوز</strong> با حجم 1.1 گیگابایت</a></p>\r\n\r\n<p dir=\"rtl\"><a href=\"https://dl5.downloadha.com/hosein/NarmAfzaar/September2019/Adobe.Photoshop.Lightroom.Classic.CC.v8.4.0.10.Portable_www.Downloadha.com_.rar\">لینک دانلود<strong> نسخه پرتابل</strong> با حجم 974 مگابایت</a></p>\r\n\r\n<p dir=\"rtl\"><a href=\"https://dl5.downloadha.com/hosein/NarmAfzaar/September2019/Adobe.Lightroom.Classic.CC.2019.v8.4.1.macOS_www.Downloadha.com_.rar\">دانلود نسخه <strong>سیستم عامل مک</strong> با لینک مستقیم</a></p>\r\n\r\n<p dir=\"rtl\">&mdash;&mdash;&mdash;&ndash;</p>\r\n\r\n<p dir=\"rtl\"><span style=\"color:#ff0000\"><strong>نسخه های 2018:</strong></span></p>\r\n\r\n<p dir=\"rtl\"><a href=\"https://dl5.downloadha.com/hosein/NarmAfzaar/August2018/Adobe.Photoshop.Lightroom.Classic.CC.2018.7.5.0.10.x64.Multilingual_www.Downloadha.com_.rar\">دانلود<strong> نسخه نصبی</strong> با حجم 1.35 گیگابایت</a></p>\r\n\r\n<p dir=\"rtl\"><a href=\"https://dl5.downloadha.com/hosein/NarmAfzaar/December2017/Adobe.Photoshop.Lightroom.Classic.CC.2018.7.0.1.10.Portable_www.Downloadha.com_.rar\">دانلود<strong> نسخه پرتابل</strong> با حجم 1.35 گیگابایت</a></p>\r\n\r\n<p dir=\"rtl\"><a href=\"https://dl5.downloadha.com/hosein/NarmAfzaar/December2017/Adobe.Photoshop.Lightroom.Classic.CC.2018.7.0.1.10.macOS_www.Downloadha.com_.rar\">دانلود نسخه <strong>سیستم عامل مک</strong> با لینک مستقیم</a></p>\r\n\r\n<p dir=\"rtl\">&mdash;&mdash;&mdash;&ndash;</p>\r\n\r\n<p dir=\"rtl\" style=\"text-align:center\">&mdash;&mdash;&mdash;&mdash;&mdash;&mdash;&mdash;&mdash;&mdash;&mdash;-</p>\r\n\r\n<p dir=\"rtl\" style=\"text-align:center\"><span style=\"color:#008000\"><strong>فعال سازهای نسخه های قدیمی</strong></span></p>\r\n\r\n<p dir=\"rtl\" style=\"text-align:center\">&mdash;&mdash;&mdash;&mdash;&mdash;&mdash;&mdash;&mdash;&mdash;&mdash;-</p>\r\n\r\n<p dir=\"rtl\"><a href=\"https://dl5.downloadha.com/hosein/NarmAfzaar/August2018/ADOBE.CC.2018.Activators.DC20180822_www.Downloadha.com_.zip\">دانلود فعال سازهای پیشنهادی نسخه 2018 ادوبی</a></p>\r\n\r\n<p dir=\"rtl\"><a href=\"https://dl5.downloadha.com/hosein/NarmAfzaar/November 2016/Adobe.2017.Activators (www.Downloadha.com).zip\">دانلود فعال سازهای پیشنهادی نسخه 2017 ادوبی</a></p>\r\n\r\n<p dir=\"rtl\"><a class=\"dlha-list-dl\" href=\"https://dl5.downloadha.com/hosein/NarmAfzaar/September2019/CCMaker.1.3.8_www.Downloadha.com_.zip\">دانلود نرم افزار CCMaker برای نصب آسان محصولات ادوبی</a></p>', 'آپدیت جدید Adobe Photoshop Lightroom, آخرین نسخه Adobe Photoshop Lightroom, دانلود Adobe Photoshop Lightroom CC, دانلود ادوبی لایت روم, دانلود رایگان Adobe Photoshop Lightroom, دانلود رایگان ادوبی لایت روم, دانلود لایت روم, دانلود مستقیم Adobe Photoshop Lightroom'),
(100, 1, 'دانلود گوگل کروم Google Chrome 91.0.4472.114 Windows/macOS', 'نرم افزار', '<p dir=\"rtl\" style=\"text-align:justify\">مرورگر محبوب کاربران حرفه ای دنیای وب یعنی Google Chrome توانسته است در مدت زمان بسیار کمتری نسبت به دیگر رقیبان کاربران بسیار زیادی را جذب کند. دلیل اصلی این موفقیت بزرگ شرکت گوگل در رقابت با دیگر شرکت ها سادگی و سرعت بسیار بالای این مرورگر قدرتمند در بارگذاری صفحات وب و همچنین استفاده بسیار کم از منابع سیستم و در نتیجه سرعت بسیار بالای خود نرم افزار می باشد. دانلود گوگل کروم در ابتدای راه یک مرورگر بسیار ساده در ظاهر بود که هرآنچه یک کاربر از مرورگر وب میخواست را در خود جای داده بود.</p>', 'images/posts/post-100/wallpaper/Google-Chrome.jpg', 17, '2021-06-29 09:03:32', '2021-08-14 15:00:03', '<p dir=\"rtl\">دانلود گوگل کروم در آمارها منتشر شده این روزها بیشترین سهم را در استفاده کاربران به خود اختصصاص داده است. امنیت مثال زدنی که گوگل برای هک شدن آن جایزه گذاشت و همچنین در لایه بعدی امنیتی گوگل تصمیم گرفته است که از ترجمه صفحات در جعبه شنی (sand box rendering) استفاده کند. قابلیت جالب و اصلی این نرم افزار که آن را فایرفاکس متمایز میکند این است که در کروم هر TAB باز شدن دارای یک فایل پردازشی است و این باعث می شود که اگر یک صفحه دچار کرش و مشکل شود ، دیگر صفحات بدون مشکل به کار خود ادامه دهند و این یعنی اینکه کروم هیچوقت هنگ نخواهد کرد! کروم در مقابل صفحات POP-UP بسیار مقاوم است و تا آنجا که ممکن است این صفحات را بلوک خواهد کرد.</p>', NULL, '<div class=\"panel-body\">\r\n<p style=\"text-align:justify\">Google Chrome is a freeware web browser developed by Google. It used the WebKit layout engine until version 27 and with the exception of its iOS releases, from version 28 and beyond uses the WebKit fork Blink. It was first released as a beta version for Microsoft Windows on September 2, 2008, and as a stable public release on December 11, 2008.</p>\r\n\r\n<p>&nbsp;</p>\r\n\r\n<p style=\"text-align:justify\">As of December 2015, StatCounter estimates that Google Chrome has a 58% worldwide usage share of web browsers as a desktop browser. It is also the most popular browser for smartphones, and combined across all platforms at about 45%. Its success has led to Google expanding the &lsquo;Chrome&rsquo; brand name on various other products such as the Chromecast.</p>\r\n\r\n<p>&nbsp;</p>\r\n\r\n<p style=\"text-align:justify\">Google releases the majority of Chrome&rsquo;s source code as an open-source project Chromium. A notable component that is not open source is their version of the built-in Adobe Flash Player, called Pepper Flash Player.</p>\r\n</div>', NULL, '<div class=\"panel-body\">\r\n<div class=\"text-center\">\r\n<p style=\"text-align:justify\">OS: Windows XP Service Pack 2+, Windows Vista, Windows 7, Windows 8, or Windows 10. Note: Support for Windows XP and Windows Vista will end soon, since these platforms are no longer actively supported by Microsoft. &hellip;</p>\r\n\r\n<p style=\"text-align:justify\">CPU: Intel Pentium 4 processor or later that&rsquo;s SSE2 capable.</p>\r\n\r\n<p style=\"text-align:justify\">RAM: 512 MB of RAM.</p>\r\n</div>\r\n</div>', 500, 124, 0, '<div class=\"panel-body\" dir=\"rtl\">\r\n<p>1) نسخه متناسب با سیستم عامل خود را انتخاب کنید.</p>\r\n\r\n<p>2) به راحتی آن را دانلود و نصب نمایید.</p>\r\n</div>', '<div class=\"no-space panel-body\" dir=\"rtl\">\r\n<ul>\r\n	<li>حجم فایل: متغیر بنا به نسخه مورد نظر!</li>\r\n	<li>شرکت سازنده:</li>\r\n	<li>تاریخ انتشار: JUN-20-2021</li>\r\n	<li>منبع: <a href=\"https://www.downloadha.com\"> دانلود ها - دانلود رایگان نرم افزار،بازی،فیلم و سریال</a></li>\r\n	<li>قیمت: رایگان!</li>\r\n</ul>\r\n</div>', '<p dir=\"rtl\"><a href=\"https://soft1.downloadha.com/NarmAfzaar/June2021/Google.Chrome.91.0.4472.114.x86.exe\">دانلود نسخه 32 بیتی <span style=\"color:#ff0000\">ویندوز</span> با حجم 72 مگابایت</a></p>\r\n\r\n<p dir=\"rtl\"><a href=\"https://soft1.downloadha.com/NarmAfzaar/June2021/Google.Chrome.91.0.4472.114.x64.exe\">دانلود نسخه 64 بیتی <span style=\"color:#ff0000\">ویندوز</span> با حجم 74 مگابایت</a></p>\r\n\r\n<p dir=\"rtl\">&mdash;&mdash;&mdash;&mdash;</p>\r\n\r\n<p dir=\"rtl\"><a href=\"https://soft1.downloadha.com/NarmAfzaar/June2021/Google.Chrome.91.0.4472.114.macOS.dmg\">دانلود نسخه <span style=\"color:#ff0000\">مک</span> با حجم 98 مگابایت</a></p>\r\n\r\n<p dir=\"rtl\"><a href=\"https://soft1.downloadha.com/NarmAfzaar/June2021/Google.Chrome.91.0.4472.114_amd64.deb\">دانلود نسخه 64 بیتی <span style=\"color:#ff0000\">Debian/Ubuntu</span> با حجم 79 مگابایت</a></p>\r\n\r\n<p dir=\"rtl\"><a href=\"https://soft1.downloadha.com/NarmAfzaar/June2021/Google.Chrome.91.0.4472.114_x86_64.rpm\">دانلود نسخه 64 بیتی <span style=\"color:#ff0000\">Fedora/OpenSUSE</span> با حجم 79 مگابایت</a></p>', 'آخرین ورژن گوگل کروم, دانلود Chrome, دانلود Google Chrome, دانلود آپدیت جدید گوگل کروم, دانلود رایگان کروم, دانلود کروم, دانلود گوگل كروم جديد, دانلود گوگل کروم, دانلود مرورگر گوگل کروم Google Chrome, دانلود نسخه آخر گوگل کروم, نرم افزار کاربردی');
INSERT INTO `posts` (`id`, `user_id`, `title`, `type`, `first_content`, `wallpaper`, `views`, `created_at`, `updated_at`, `second_content`, `third_content`, `info`, `system_l`, `system_b`, `likes`, `dislikes`, `downloads`, `files_setup`, `files_info`, `download`, `tags`) VALUES
(101, 1, 'دانلود بازی Cyberpunk 2077 + Update v1.23 برای کامپیوتر', 'بازی', '<p dir=\"rtl\" style=\"text-align:justify\">بازی Cyberpunk 2077 از آن جهت برای دوست&zwnj;داران صنعت گیم از اهمیت برخوردار است که در بهترین حالت ممکن، بیش از یک دهه موردانتظار بوده است. سرانجام بالاخره شاهد انتشار این بازی تاریخی هستیم و گویا با اثری بسیار عالی و با قدرت جزئیاتی بالا روبرو هستیم. سی دی پراجکت رد به&zwnj;عنوان سازنده این اثر که سابقه&zwnj;ی نشر سری موفقی همچون ویچر را دارد، اثر تکرارنشدنی و تاریخی را به کتابخانه&zwnj;ی آثار خود اضافه کرده است. این بازی نمونه&zwnj;ای است که می&zwnj;توانید چندین ماه رزوانه ده&zwnj;ها ساعت به تجربه&zwnj;ی آن بپردازید و خسته نشوید. بازی آنقدر با جزئیات بالا ساخته شده است که می&zwnj;توانید حتی موهای سر شخصیت&zwnj;های آن را بشمارید و تارهای زائد آن&zwnj;ها را تشخیص دهید.</p>\r\n\r\n<p dir=\"rtl\" style=\"text-align:center\">Cyberpunk 2077 v1.23 (47678) PC-GOG</p>\r\n\r\n<p dir=\"rtl\" style=\"text-align:center\">Cyberpunk 2077 v1.2 PC-CODEX | DODI Repack | FitGirl Repack</p>\r\n\r\n<p dir=\"rtl\" style=\"text-align:center\"><strong><span style=\"color:#ff0000\">آپدیت جدید بازی Update v1.23 اضافه شد</span></strong></p>', 'images/posts/post-101/wallpaper/Cyberpunk-2077-pc-cover-large.jpg', 6, '2021-06-29 09:29:59', '2021-08-14 15:00:23', '<p dir=\"rtl\" style=\"text-align:justify\">به شما توصیه می&zwnj;کنیم که اگر به&zwnj;دنبال یک اثر شاخص هستید تا در فصل تعطیلات میلادی تجربه کنید، تمرکز خود را تنها روی سایبرپانک ۲۰۷۷ بگذارید. این بازی می&zwnj;تواند مولکول&zwnj;های مکانیکی را به رخ کشیده و روایتی خطرناک را برای&zwnj;تان داشته باشد. بازی در سبک نقش آفرینی و شوتر اول شخص عرضه شده است و به&zwnj;طور رسمی، قرار است که ۲۰ آذر (۱۰ دسامبر) در اختیار علاقه&zwnj;مندان قرار گیرد. بازی برای تمامی پلتفرم&zwnj;ها، از جمله PC منتشر شده است و بهترین حد جزئیاتی آن را می&zwnj;توانید روی همین پلتفرم تجربه کنید.</p>\r\n\r\n<p dir=\"rtl\" style=\"text-align:justify\">در بازی Cyberpunk 2077 شما در نقش شخصیت V بازی خواهید کرد که یک قهرمان مهربان در نایت سیتی است. او هر کاری می&zwnj;کند تا در این شهر شناخته شود و متاسفانه، این هدف مشکلات زیادی را برای وی ایجاد خواهد کرد. او باید به روح دیرینه شخصیت مهم بازی با نقش آفرینی کیانو ریوز پناه بدهد. جانی سیلور هند که یک تروریست و ستاره راک است، آرام آرام ذهن این شخصیت&zwnj;ها ر ا تصاحب کرده و مشکلات زیادی را برای آن&zwnj;ها ایجاد خواهد کرد.</p>\r\n\r\n<p dir=\"rtl\" style=\"text-align:justify\">بدون شک، مقیاس بندی این بازی شما را شگفت زده و البته مضطرب خواهد کرد. با دنیای پرجزئیات و بسیار بزرگی هستیم که قرار است در بخش کمپین، ۳۷ ساعت گیم&zwnj;پلی برای شما داشته باشد. تلاش سازندگان در پرداخت این بازی موفقیت&zwnj;آمیز بوده است و اگر باگ&zwnj;های روز اول عرضه را فاکتور بگیریم، می&zwnj;توان گفت که با یک شاهکار روبرو هستیم. غیرضروری&zwnj;ترین برخوردهای دشمنان در بازی Cyberpunk 2077 نیز دارای داستانی در پشت پرده هستند. این روند سبب می&zwnj;شود که بازیکنان علاقه&zwnj;ی زیادی به اکتشاف در این اثر داشته باشد. شما هرگز نمی&zwnj;دانید که چه چیزی در آینده انتظار شما را می&zwnj;کشد یا چه کسانی قرار است روبروی&zwnj;تان ظاهر شوند. قرار است که با جنایاتی روبرو شویم که در بازار سیاه شهر جریان دارد.</p>\r\n\r\n<p dir=\"rtl\" style=\"text-align:justify\">ماموریت&zwnj;هایی را در بازی Cyberpunk 2077 خواهیم دید که پر سر و صدا هستند و رقابتی خونین را رقم خواهند زد. این بازی بسیار سرگرم کننده است و لذت&zwnj;های عجیب و غریبی را به بازیکنان ارائه خواهد کرد. شما همیشه گزینه&zwnj;هایی در اختیار دارید که در نحوه برخورد آن&zwnj;ها می&zwnj;توانید مختار باشید. بازی در ظاهر، نبردهای ساده&zwnj;ای دارد، اما درواقع تمام آن&zwnj;ها توالی مناسبی از رویدادهایی را در ذهن بازیکن ایجاد خواهند کرد که بدست آوردن و کنار گذاشتن آن&zwnj;ها، اصلا به همین سادگی&zwnj;ها نخواهد بود. شما در این بازی خلاصه&zwnj;ای از داستان&zwnj;های شخصیت&zwnj;ها را می&zwnj;توانید در طی گفتگوها تحلیل کرده و به&zwnj;سراغ ماموریت&zwnj;های جانبی هرکدام از آن&zwnj;ها بروید. بازی در جستجو چیزی کم نگذاشته است و علاقه&zwnj;مندان به ماجراجویی را ماه&zwnj;ها درگیر خود خواهد کرد.</p>\r\n\r\n<p dir=\"rtl\" style=\"text-align:justify\">در بازی Cyberpunk 2077 شاهد این هستیم که سی دی پراجکت دوباره&zwnj;ی جادوی مشابه خود با ویچر ۳ را تکرار کرده است. این سازنده لهستانی به&zwnj;خوبی از سایر بازی&zwnj;های صنعت بازی درس عبرت گرفته است و باعث می&zwnj;شود که نکته&zwnj;ی منفی خاصی در مورد سایبرپانک مشاهده نکنیم. هر بار که شما این بازی را به پایان برسانید، تجربه&zwnj;ای نو در گوشه&zwnj;ی ذهن شما نقش بسته است و مدت&zwnj;ها به آن فکر خواهید کرد. بازی تلاش&zwnj;های عالی شخصیت&zwnj;های غنی خودش را به رخ می&zwnj;کشد و هیچ&zwnj;کدام از آن&zwnj;ها تنها یک فکر گذرا نخواهند بود و شما را درگیر خود خواهد کرد.</p>', '<p dir=\"rtl\" style=\"text-align:justify\"><span style=\"color:#3366ff\"><strong>ویژگی های نسخه فشرده FitGirl v1.2:</strong></span></p>\r\n\r\n<ul dir=\"rtl\">\r\n	<li style=\"text-align:justify\">بر اساس ریلیز رسمی CODEX تحت عنوان Cyberpunk 2077 v1.2-CODEX فشرده سازی شده است. ورژن بازی v1.2 می&zwnj;باشد.</li>\r\n	<li style=\"text-align:justify\">فایل PDF بازی تحت عنوان The World of Cyberpunk 2077 در این نسخه لحاظ شده است. هم&zwnj;چنین ویدیو عوامل سازنده، آواتارها، پوسترها، داستان کوتاه، آلبوم موسیقی متن، کتاب مرجع و والپیپرها در این نسخه لحاظ شده&zwnj;اند.</li>\r\n	<li style=\"text-align:justify\">هیچ چیزی از بازی کسر نشده است. هیچ چیزی تبدیل یا انکود نشده است. همه چیز بر اساس MD5 رسمی دیتای بازی است.</li>\r\n	<li style=\"text-align:justify\">حجم بازی از ۱۰۱٫۵گیگابایت به ۳۵٫۹گیگابایت کاسته شده است.</li>\r\n	<li style=\"text-align:justify\">مدت زمان نصب باتوجه به سیستم شما <span style=\"color:#ff0000\">بین ۳۵دقیقه الی ۲ساعت</span> خواهد بود.</li>\r\n	<li style=\"text-align:justify\">فضای مورد نیاز پس از نصب کامل بازی حداکثر ۱۰۷٫۷گیگابایت (در صورت نصب تمامی زبان&zwnj;ها و فایل&zwnj;های انتخابی) است.</li>\r\n	<li style=\"text-align:justify\">حداقل ۳گیگابایت فضای رم خالی برای نصب بازی نیاز است.</li>\r\n	<li style=\"text-align:justify\">از کتابخانه&zwnj;های متعدد که توسط Razor12911 توسعه یافته، استفاده شده است.</li>\r\n</ul>', '<p>Cyberpunk 2077 is an open-world, action-adventure story set in Night City, a megalopolis obsessed with power, glamour and body modification. You play as V, a mercenary outlaw going after a one-of-a-kind implant that is the key to immortality. You can customize your character&rsquo;s cyberware, skillset and playstyle, and explore a vast city where the choices you make shape the story and the world around you</p>', '<p style=\"text-align:justify\">Requires a 64-bit processor and operating system</p>\r\n\r\n<p style=\"text-align:justify\">OS: Windows 7 or 10</p>\r\n\r\n<p style=\"text-align:justify\">Processor: Intel Core i5-3570K or AMD FX-8310</p>\r\n\r\n<p style=\"text-align:justify\">Memory: 8 GB RAM</p>\r\n\r\n<p style=\"text-align:justify\">Graphics: NVIDIA GeForce GTX 780 or AMD Radeon RX 470</p>\r\n\r\n<p style=\"text-align:justify\">DirectX: Version 12</p>\r\n\r\n<p style=\"text-align:justify\">Storage: 70 GB available space</p>\r\n\r\n<p style=\"text-align:justify\">Additional Notes: SSD recommended</p>', '<p style=\"text-align:justify\">Requires a 64-bit processor and operating system</p>\r\n\r\n<p style=\"text-align:justify\">OS: Windows 10</p>\r\n\r\n<p style=\"text-align:justify\">Processor: Intel Core i7-4790 or AMD Ryzen 3 3200G</p>\r\n\r\n<p style=\"text-align:justify\">Memory: 12 GB RAM</p>\r\n\r\n<p style=\"text-align:justify\">Graphics: NVIDIA GeForce GTX 1060 or AMD Radeon R9 Fury</p>\r\n\r\n<p style=\"text-align:justify\">DirectX: Version 12</p>\r\n\r\n<p style=\"text-align:justify\">Storage: 70 GB available space</p>', 8, 11, 0, '<div class=\"panel-body\" dir=\"rtl\">\r\n<p style=\"text-align:justify\"><span style=\"color:#339966\"><strong>برای مطالعه آموزش نصب کامل بازی و رفع مشکلات رایج آن لطفا به صفحه زیر مراجعه کنید:</strong></span></p>\r\n\r\n<p><a href=\"https://www.downloadha.com/game/cyberpunk-2077-faq/\" rel=\"noopener\" target=\"_blank\">ورود به صفحه سئوالات متداول و رفع مشکلات بازی Cyberpunk 2077</a></p>\r\n</div>', '<div class=\"no-space panel-body\" dir=\"rtl\">\r\n<ul>\r\n	<li>حجم فایل: 58.05گیگابایت | 37.8گیگابایت | 108.5گیگابایت</li>\r\n	<li>تاریخ انتشار: اولیه: DEC-09-2020 | آخرین آپدیت: JUN-17-2021</li>\r\n	<li>منبع: <a href=\"https://www.downloadha.com\"> دانلود ها - دانلود رایگان نرم افزار،بازی،فیلم و سریال</a></li>\r\n	<li>قیمت: 59.99دلار</li>\r\n</ul>\r\n</div>', '<p dir=\"rtl\" style=\"text-align:center\">&mdash;&mdash;&mdash;&mdash;&mdash;&mdash;&mdash;&mdash;&ndash;</p>\r\n\r\n<p dir=\"rtl\" style=\"text-align:center\"><span style=\"color:#339966\"><strong>دانلود آپدیت&zwnj;های بازی</strong></span></p>\r\n\r\n<p dir=\"rtl\" style=\"text-align:center\">&mdash;&mdash;&mdash;&mdash;&mdash;&mdash;&mdash;&mdash;&ndash;</p>\r\n\r\n<p dir=\"rtl\">&mdash;&mdash;&mdash;&mdash;&mdash;&mdash;</p>\r\n\r\n<p dir=\"rtl\">دانلود آپدیت بازی <strong>Update</strong> v1.23-CODEX:</p>\r\n\r\n<p dir=\"rtl\"><a href=\"https://dl6.downloadha.com/hosein/game/June2021/17/Cyberpunk.2077.Update.v1.23-CODEX_www.Downloadha.com_.rar\">آپدیت توسط CODEX</a>&nbsp; |&nbsp; <a href=\"https://dl6.downloadha.com/hosein/game/June2021/17_2/Cyberpunk.2077.Update.v1.23-ElAmigos_www.Downloadha.com_.rar\">آپدیت توسط ElAmigos</a></p>\r\n\r\n<p dir=\"rtl\">دانلود آپدیت بازی <strong>Update</strong> v1.22-CODEX:</p>\r\n\r\n<p dir=\"rtl\"><a href=\"https://dl6.downloadha.com/hosein/game/June2021/17/Cyberpunk.2077.Update.v1.22-CODEX_www.Downloadha.com_.rar\">آپدیت توسط CODEX</a>&nbsp; |&nbsp; <a href=\"https://dl6.downloadha.com/hosein/game/June2021/17_2/Cyberpunk.2077.Update.v1.22-ElAmigos_www.Downloadha.com_.rar\">آپدیت توسط ElAmigos</a></p>\r\n\r\n<p dir=\"rtl\">دانلود آپدیت بازی <strong>Update</strong> v1.21-CODEX:</p>\r\n\r\n<p dir=\"rtl\"><a href=\"https://dl6.downloadha.com/hosein/game/June2021/17/Cyberpunk.2077.Update.v1.21-CODEX_www.Downloadha.com_.rar\">آپدیت توسط CODEX</a>&nbsp; |&nbsp; <a href=\"https://dl6.downloadha.com/hosein/game/June2021/17_2/Cyberpunk.2077.Update.v1.21.Hotfix-ElAmigos_www.Downloadha.com_.rar\">آپدیت توسط ElAmigos</a></p>\r\n\r\n<p dir=\"rtl\">&mdash;&mdash;&mdash;&mdash;&mdash;&mdash;</p>\r\n\r\n<p dir=\"rtl\" style=\"text-align:center\">&mdash;&mdash;&mdash;&mdash;&mdash;&mdash;&mdash;&mdash;&ndash;</p>\r\n\r\n<p dir=\"rtl\" style=\"text-align:center\"><span style=\"color:#339966\"><strong>دانلود نسخه CODEX</strong></span></p>\r\n\r\n<p dir=\"rtl\" style=\"text-align:center\">&mdash;&mdash;&mdash;&mdash;&mdash;&mdash;&mdash;&mdash;&ndash;</p>\r\n\r\n<p dir=\"rtl\">&mdash;&mdash;&mdash;&mdash;&mdash;&ndash;</p>\r\n\r\n<p dir=\"rtl\"><a href=\"https://dl6.downloadha.com/hosein/game/June2021/17_2/Cyberpunk.2077.v1.2-CODEX_CrackOnly_www.Downloadha.com_.rar\">دانلود کرک نهایی CODEX به صورت جداگانه</a></p>\r\n\r\n<p dir=\"rtl\">&mdash;&mdash;&mdash;&mdash;&mdash;&ndash;</p>\r\n\r\n<p dir=\"rtl\">دانلود بازی Cyberpunk 2077 v1.2-<strong>CODEX</strong>:</p>\r\n\r\n<p dir=\"rtl\"><span style=\"color:#339966\"><strong>نسخه پیشنهادی دانلودها تا به این لحظه!</strong></span></p>\r\n\r\n<p dir=\"rtl\"><a href=\"https://dl6.downloadha.com/hosein/game/June2021/17_2/Cyberpunk.2077.v1.2-CODEX_www.Downloadha.com_.part01.rar\">دانلود پارت ۱ با لینک مستقیم</a></p>\r\n\r\n<p dir=\"rtl\"><a href=\"https://dl6.downloadha.com/hosein/game/June2021/17_2/Cyberpunk.2077.v1.2-CODEX_www.Downloadha.com_.part02.rar\">دانلود پارت ۲ با لینک مستقیم</a></p>\r\n\r\n<p dir=\"rtl\"><a href=\"https://dl6.downloadha.com/hosein/game/June2021/17_2/Cyberpunk.2077.v1.2-CODEX_www.Downloadha.com_.part03.rar\">دانلود پارت ۳ با لینک مستقیم</a></p>\r\n\r\n<p dir=\"rtl\"><a href=\"https://dl6.downloadha.com/hosein/game/June2021/17_2/Cyberpunk.2077.v1.2-CODEX_www.Downloadha.com_.part04.rar\">دانلود پارت ۴ با لینک مستقیم</a></p>\r\n\r\n<p dir=\"rtl\"><a href=\"https://dl6.downloadha.com/hosein/game/June2021/17_2/Cyberpunk.2077.v1.2-CODEX_www.Downloadha.com_.part05.rar\">دانلود پارت ۵ با لینک مستقیم</a></p>\r\n\r\n<p dir=\"rtl\"><a href=\"https://dl6.downloadha.com/hosein/game/June2021/17_2/Cyberpunk.2077.v1.2-CODEX_www.Downloadha.com_.part06.rar\">دانلود پارت ۶ با لینک مستقیم</a></p>\r\n\r\n<p dir=\"rtl\"><a href=\"https://dl6.downloadha.com/hosein/game/June2021/17_2/Cyberpunk.2077.v1.2-CODEX_www.Downloadha.com_.part07.rar\">دانلود پارت ۷ با لینک مستقیم</a></p>\r\n\r\n<p dir=\"rtl\"><a href=\"https://dl6.downloadha.com/hosein/game/June2021/17_2/Cyberpunk.2077.v1.2-CODEX_www.Downloadha.com_.part08.rar\">دانلود پارت ۸ با لینک مستقیم</a></p>\r\n\r\n<p dir=\"rtl\"><a href=\"https://dl6.downloadha.com/hosein/game/June2021/17_2/Cyberpunk.2077.v1.2-CODEX_www.Downloadha.com_.part09.rar\">دانلود پارت ۹ با لینک مستقیم</a></p>\r\n\r\n<p dir=\"rtl\"><a href=\"https://dl6.downloadha.com/hosein/game/June2021/17_2/Cyberpunk.2077.v1.2-CODEX_www.Downloadha.com_.part10.rar\">دانلود پارت ۱۰ با لینک مستقیم</a></p>\r\n\r\n<p dir=\"rtl\"><a href=\"https://dl6.downloadha.com/hosein/game/June2021/17_2/Cyberpunk.2077.v1.2-CODEX_www.Downloadha.com_.part11.rar\">دانلود پارت ۱۱ با لینک مستقیم</a></p>\r\n\r\n<p dir=\"rtl\"><a href=\"https://dl6.downloadha.com/hosein/game/June2021/17_2/Cyberpunk.2077.v1.2-CODEX_www.Downloadha.com_.part12.rar\">دانلود پارت ۱۲ با لینک مستقیم</a></p>\r\n\r\n<p dir=\"rtl\"><a href=\"https://dl6.downloadha.com/hosein/game/June2021/17_2/Cyberpunk.2077.v1.2-CODEX_www.Downloadha.com_.part13.rar\">دانلود پارت ۱۳ با لینک مستقیم</a></p>\r\n\r\n<p dir=\"rtl\"><a href=\"https://dl6.downloadha.com/hosein/game/June2021/17_2/Cyberpunk.2077.v1.2-CODEX_www.Downloadha.com_.part14.rar\">دانلود پارت ۱۴ با لینک مستقیم</a></p>\r\n\r\n<p dir=\"rtl\"><a href=\"https://dl6.downloadha.com/hosein/game/June2021/17_2/Cyberpunk.2077.v1.2-CODEX_www.Downloadha.com_.part15.rar\">دانلود پارت ۱۵ با لینک مستقیم</a></p>\r\n\r\n<p dir=\"rtl\"><a href=\"https://dl6.downloadha.com/hosein/game/June2021/17_2/Cyberpunk.2077.v1.2-CODEX_www.Downloadha.com_.part16.rar\">دانلود پارت ۱۶ با لینک مستقیم</a></p>\r\n\r\n<p dir=\"rtl\"><a href=\"https://dl6.downloadha.com/hosein/game/June2021/17_2/Cyberpunk.2077.v1.2-CODEX_www.Downloadha.com_.part17.rar\">دانلود پارت ۱۷ با لینک مستقیم</a></p>\r\n\r\n<p dir=\"rtl\"><a href=\"https://dl6.downloadha.com/hosein/game/June2021/17_2/Cyberpunk.2077.v1.2-CODEX_www.Downloadha.com_.part18.rar\">دانلود پارت ۱۸ با لینک مستقیم</a></p>\r\n\r\n<p dir=\"rtl\"><a href=\"https://dl6.downloadha.com/hosein/game/June2021/17_2/Cyberpunk.2077.v1.2-CODEX_www.Downloadha.com_.part19.rar\">دانلود پارت ۱۹ با لینک مستقیم</a></p>\r\n\r\n<p dir=\"rtl\"><a href=\"https://dl6.downloadha.com/hosein/game/June2021/17_2/Cyberpunk.2077.v1.2-CODEX_www.Downloadha.com_.part20.rar\">دانلود پارت ۲۰ با لینک مستقیم</a></p>\r\n\r\n<p dir=\"rtl\"><a href=\"https://dl6.downloadha.com/hosein/game/June2021/17_2/Cyberpunk.2077.v1.2-CODEX_www.Downloadha.com_.part21.rar\">دانلود پارت ۲۱ با لینک مستقیم</a></p>\r\n\r\n<p dir=\"rtl\"><a href=\"https://dl6.downloadha.com/hosein/game/June2021/17_2/Cyberpunk.2077.v1.2-CODEX_www.Downloadha.com_.part22.rar\">دانلود پارت ۲۲ با لینک مستقیم</a></p>\r\n\r\n<p dir=\"rtl\"><a href=\"https://dl6.downloadha.com/hosein/game/June2021/17_2/Cyberpunk.2077.v1.2-CODEX_www.Downloadha.com_.part23.rar\">دانلود پارت ۲۳ با لینک مستقیم</a></p>\r\n\r\n<p dir=\"rtl\"><a href=\"https://dl6.downloadha.com/hosein/game/June2021/17_2/Cyberpunk.2077.v1.2-CODEX_www.Downloadha.com_.part24.rar\">دانلود پارت ۲۴ با لینک مستقیم</a></p>\r\n\r\n<p dir=\"rtl\"><a href=\"https://dl6.downloadha.com/hosein/game/June2021/17_2/Cyberpunk.2077.v1.2-CODEX_www.Downloadha.com_.part25.rar\">دانلود پارت ۲۵ با لینک مستقیم</a></p>\r\n\r\n<p dir=\"rtl\"><a href=\"https://dl6.downloadha.com/hosein/game/June2021/17_2/Cyberpunk.2077.v1.2-CODEX_www.Downloadha.com_.part26.rar\">دانلود پارت ۲۶ با لینک مستقیم</a></p>\r\n\r\n<p dir=\"rtl\"><a href=\"https://dl6.downloadha.com/hosein/game/June2021/17_2/Cyberpunk.2077.v1.2-CODEX_www.Downloadha.com_.part27.rar\">دانلود پارت ۲۷ با لینک مستقیم</a></p>\r\n\r\n<p dir=\"rtl\"><a href=\"https://dl6.downloadha.com/hosein/game/June2021/17_2/Cyberpunk.2077.v1.2-CODEX_www.Downloadha.com_.part28.rar\">دانلود پارت ۲۸ با لینک مستقیم</a></p>\r\n\r\n<p dir=\"rtl\"><a href=\"https://dl6.downloadha.com/hosein/game/June2021/17_2/Cyberpunk.2077.v1.2-CODEX_www.Downloadha.com_.part29.rar\">دانلود پارت ۲۹ با لینک مستقیم</a></p>\r\n\r\n<p dir=\"rtl\"><a href=\"https://dl6.downloadha.com/hosein/game/June2021/17_2/Cyberpunk.2077.v1.2-CODEX_www.Downloadha.com_.part30.rar\">دانلود پارت ۳۰ با لینک مستقیم</a></p>\r\n\r\n<p dir=\"rtl\">&mdash;&mdash;&mdash;&mdash;&mdash;&mdash;&ndash;</p>\r\n\r\n<p dir=\"rtl\" style=\"text-align:center\">&mdash;&mdash;&mdash;&mdash;&mdash;&mdash;&mdash;&mdash;&ndash;</p>\r\n\r\n<p dir=\"rtl\" style=\"text-align:center\"><strong><span style=\"color:#339966\">دانلود نسخه فشرده FitGirl</span></strong></p>\r\n\r\n<p dir=\"rtl\" style=\"text-align:center\">&mdash;&mdash;&mdash;&mdash;&mdash;&mdash;&mdash;&mdash;&ndash;</p>\r\n\r\n<p dir=\"rtl\">&mdash;&mdash;&mdash;&mdash;&mdash;&mdash;</p>\r\n\r\n<p dir=\"rtl\">دانلود ریپک فیت گرل Cyberpunk 2077 v1.2 Steam + Bonus Content-<strong>FitGirl Repack</strong>:</p>\r\n\r\n<p dir=\"rtl\"><a href=\"https://dl6.downloadha.com/hosein/game/June2021/17_2/Cyberpunk.2077.v1.2.Steam-FitGirl_www.Downloadha.com_.part01.rar\">دانلود پارت ۱ با لینک مستقیم</a></p>\r\n\r\n<p dir=\"rtl\"><a href=\"https://dl6.downloadha.com/hosein/game/June2021/17_2/Cyberpunk.2077.v1.2.Steam-FitGirl_www.Downloadha.com_.part02.rar\">دانلود پارت ۲ با لینک مستقیم</a></p>\r\n\r\n<p dir=\"rtl\"><a href=\"https://dl6.downloadha.com/hosein/game/June2021/17_2/Cyberpunk.2077.v1.2.Steam-FitGirl_www.Downloadha.com_.part03.rar\">دانلود پارت ۳ با لینک مستقیم</a></p>\r\n\r\n<p dir=\"rtl\"><a href=\"https://dl6.downloadha.com/hosein/game/June2021/17_2/Cyberpunk.2077.v1.2.Steam-FitGirl_www.Downloadha.com_.part04.rar\">دانلود پارت ۴ با لینک مستقیم</a></p>\r\n\r\n<p dir=\"rtl\"><a href=\"https://dl6.downloadha.com/hosein/game/June2021/17_2/Cyberpunk.2077.v1.2.Steam-FitGirl_www.Downloadha.com_.part05.rar\">دانلود پارت ۵ با لینک مستقیم</a></p>\r\n\r\n<p dir=\"rtl\"><a href=\"https://dl6.downloadha.com/hosein/game/June2021/17_2/Cyberpunk.2077.v1.2.Steam-FitGirl_www.Downloadha.com_.part06.rar\">دانلود پارت ۶ با لینک مستقیم</a></p>\r\n\r\n<p dir=\"rtl\"><a href=\"https://dl6.downloadha.com/hosein/game/June2021/17_2/Cyberpunk.2077.v1.2.Steam-FitGirl_www.Downloadha.com_.part07.rar\">دانلود پارت ۷ با لینک مستقیم</a></p>\r\n\r\n<p dir=\"rtl\"><a href=\"https://dl6.downloadha.com/hosein/game/June2021/17_2/Cyberpunk.2077.v1.2.Steam-FitGirl_www.Downloadha.com_.part08.rar\">دانلود پارت ۸ با لینک مستقیم</a></p>\r\n\r\n<p dir=\"rtl\"><a href=\"https://dl6.downloadha.com/hosein/game/June2021/17_2/Cyberpunk.2077.v1.2.Steam-FitGirl_www.Downloadha.com_.part09.rar\">دانلود پارت ۹ با لینک مستقیم</a></p>\r\n\r\n<p dir=\"rtl\"><a href=\"https://dl6.downloadha.com/hosein/game/June2021/17_2/Cyberpunk.2077.v1.2.Steam-FitGirl_www.Downloadha.com_.part10.rar\">دانلود پارت ۱۰ با لینک مستقیم</a></p>\r\n\r\n<p dir=\"rtl\"><a href=\"https://dl6.downloadha.com/hosein/game/June2021/17_2/Cyberpunk.2077.v1.2.Steam-FitGirl_www.Downloadha.com_.part11.rar\">دانلود پارت ۱۱ با لینک مستقیم</a></p>\r\n\r\n<p dir=\"rtl\"><a href=\"https://dl6.downloadha.com/hosein/game/June2021/17_2/Cyberpunk.2077.v1.2.Steam-FitGirl_www.Downloadha.com_.part12.rar\">دانلود پارت ۱۲ با لینک مستقیم</a></p>\r\n\r\n<p dir=\"rtl\"><a href=\"https://dl6.downloadha.com/hosein/game/June2021/17_2/Cyberpunk.2077.v1.2.Steam-FitGirl_www.Downloadha.com_.part13.rar\">دانلود پارت ۱۳ با لینک مستقیم</a></p>\r\n\r\n<p dir=\"rtl\"><a href=\"https://dl6.downloadha.com/hosein/game/June2021/17_2/Cyberpunk.2077.v1.2.Steam-FitGirl_www.Downloadha.com_.part14.rar\">دانلود پارت ۱۴ با لینک مستقیم</a></p>\r\n\r\n<p dir=\"rtl\"><a href=\"https://dl6.downloadha.com/hosein/game/June2021/17_2/Cyberpunk.2077.v1.2.Steam-FitGirl_www.Downloadha.com_.part15.rar\">دانلود پارت ۱۵ با لینک مستقیم</a></p>\r\n\r\n<p dir=\"rtl\"><a href=\"https://dl6.downloadha.com/hosein/game/June2021/17_2/Cyberpunk.2077.v1.2.Steam-FitGirl_www.Downloadha.com_.part16.rar\">دانلود پارت ۱۶ با لینک مستقیم</a></p>\r\n\r\n<p dir=\"rtl\"><a href=\"https://dl6.downloadha.com/hosein/game/June2021/17_2/Cyberpunk.2077.v1.2.Steam-FitGirl_www.Downloadha.com_.part17.rar\">دانلود پارت ۱۷ با لینک مستقیم</a></p>\r\n\r\n<p dir=\"rtl\"><a href=\"https://dl6.downloadha.com/hosein/game/June2021/17_2/Cyberpunk.2077.v1.2.Steam-FitGirl_www.Downloadha.com_.part18.rar\">دانلود پارت ۱۸ با لینک مستقیم</a></p>\r\n\r\n<p dir=\"rtl\"><a href=\"https://dl6.downloadha.com/hosein/game/June2021/17_2/Cyberpunk.2077.v1.2.Steam-FitGirl_www.Downloadha.com_.part19.rar\">دانلود پارت ۱۹ با لینک مستقیم</a></p>\r\n\r\n<p dir=\"rtl\">&mdash;&mdash;&mdash;&mdash;&mdash;&mdash;&ndash;</p>\r\n\r\n<p dir=\"rtl\" style=\"text-align:center\">&mdash;&mdash;&mdash;&mdash;&mdash;&mdash;&mdash;&mdash;&ndash;</p>\r\n\r\n<p dir=\"rtl\" style=\"text-align:center\"><strong><span style=\"color:#339966\">دانلود پک گودیز Goodies</span></strong></p>\r\n\r\n<p dir=\"rtl\" style=\"text-align:center\">&mdash;&mdash;&mdash;&mdash;&mdash;&mdash;&mdash;&mdash;&ndash;</p>\r\n\r\n<p dir=\"rtl\">&mdash;&mdash;&mdash;&mdash;&mdash;&ndash;</p>\r\n\r\n<p dir=\"rtl\">دانلود پک کامل گودیز <strong>Goodies</strong>-GOG:</p>\r\n\r\n<p dir=\"rtl\"><span style=\"color:#ff0000\">این پک تا ۱۷م ژوئن ۲۰۲۱ آپدیت شده است.</span></p>\r\n\r\n<p dir=\"rtl\" style=\"text-align:justify\">این پک شامل Concept Arts، Cover Arts، Gangs Graffiti، Posters، Screenshots، Steelbook Arts، Wallpapers آلبوم موسیقی متن بازی با کیفیت MP3 320، آواتارها، والپیپرهای موبایل، بخش Big City Dreams و &hellip; می شود.</p>\r\n\r\n<p dir=\"rtl\"><a href=\"https://dl6.downloadha.com/hosein/game/June2021/17_2/Cyberpunk.2077.v1.23.Goodies-GOG_www.Downloadha.com_.part1.rar\">دانلود پارت ۱ با لینک مستقیم</a></p>\r\n\r\n<p dir=\"rtl\"><a href=\"https://dl6.downloadha.com/hosein/game/June2021/17_2/Cyberpunk.2077.v1.23.Goodies-GOG_www.Downloadha.com_.part2.rar\">دانلود پارت ۲ با لینک مستقیم</a></p>\r\n\r\n<p dir=\"rtl\"><a href=\"https://dl6.downloadha.com/hosein/game/June2021/17_2/Cyberpunk.2077.v1.23.Goodies-GOG_www.Downloadha.com_.part3.rar\">دانلود پارت ۳ با لینک مستقیم</a></p>\r\n\r\n<p dir=\"rtl\"><a href=\"https://dl6.downloadha.com/hosein/game/June2021/17_2/Cyberpunk.2077.v1.23.Goodies-GOG_www.Downloadha.com_.part4.rar\">دانلود پارت ۴ با لینک مستقیم</a></p>\r\n\r\n<p dir=\"rtl\">&mdash;&mdash;&mdash;&mdash;&mdash;&ndash;</p>\r\n\r\n<p dir=\"rtl\" style=\"text-align:center\">&mdash;&mdash;&mdash;&mdash;&mdash;&mdash;&mdash;&mdash;&ndash;</p>\r\n\r\n<p dir=\"rtl\" style=\"text-align:center\"><span style=\"color:#339966\"><strong>دانلود نسخه GOG</strong></span></p>\r\n\r\n<p dir=\"rtl\" style=\"text-align:center\">&mdash;&mdash;&mdash;&mdash;&mdash;&mdash;&mdash;&mdash;&ndash;</p>\r\n\r\n<p dir=\"rtl\">&mdash;&mdash;&mdash;&mdash;&mdash;</p>\r\n\r\n<p dir=\"rtl\">دانلود بازی Cyberpunk 2077 v1.23 build 3413222change 4337833 (47678)-<strong>GOG</strong>:</p>\r\n\r\n<p dir=\"rtl\"><a href=\"https://dl5.downloadha.com/hosein/Game/June2021/17_2/cyberpunk_2077_v1.23_47678-GOG_www.Downloadha.com_.part01.rar\">دانلود پارت ۱ با لینک مستقیم</a></p>\r\n\r\n<p dir=\"rtl\"><a href=\"https://dl5.downloadha.com/hosein/Game/June2021/17_2/cyberpunk_2077_v1.23_47678-GOG_www.Downloadha.com_.part02.rar\">دانلود پارت ۲ با لینک مستقیم</a></p>\r\n\r\n<p dir=\"rtl\"><a href=\"https://dl5.downloadha.com/hosein/Game/June2021/17_2/cyberpunk_2077_v1.23_47678-GOG_www.Downloadha.com_.part03.rar\">دانلود پارت ۳ با لینک مستقیم</a></p>\r\n\r\n<p dir=\"rtl\"><a href=\"https://dl5.downloadha.com/hosein/Game/June2021/17_2/cyberpunk_2077_v1.23_47678-GOG_www.Downloadha.com_.part04.rar\">دانلود پارت ۴ با لینک مستقیم</a></p>\r\n\r\n<p dir=\"rtl\"><a href=\"https://dl5.downloadha.com/hosein/Game/June2021/17_2/cyberpunk_2077_v1.23_47678-GOG_www.Downloadha.com_.part05.rar\">دانلود پارت ۵ با لینک مستقیم</a></p>\r\n\r\n<p dir=\"rtl\"><a href=\"https://dl5.downloadha.com/hosein/Game/June2021/17_2/cyberpunk_2077_v1.23_47678-GOG_www.Downloadha.com_.part06.rar\">دانلود پارت ۶ با لینک مستقیم</a></p>\r\n\r\n<p dir=\"rtl\"><a href=\"https://dl5.downloadha.com/hosein/Game/June2021/17_2/cyberpunk_2077_v1.23_47678-GOG_www.Downloadha.com_.part07.rar\">دانلود پارت ۷ با لینک مستقیم</a></p>\r\n\r\n<p dir=\"rtl\"><a href=\"https://dl5.downloadha.com/hosein/Game/June2021/17_2/cyberpunk_2077_v1.23_47678-GOG_www.Downloadha.com_.part08.rar\">دانلود پارت ۸ با لینک مستقیم</a></p>\r\n\r\n<p dir=\"rtl\"><a href=\"https://dl5.downloadha.com/hosein/Game/June2021/17_2/cyberpunk_2077_v1.23_47678-GOG_www.Downloadha.com_.part09.rar\">دانلود پارت ۹ با لینک مستقیم</a></p>\r\n\r\n<p dir=\"rtl\"><a href=\"https://dl5.downloadha.com/hosein/Game/June2021/17_2/cyberpunk_2077_v1.23_47678-GOG_www.Downloadha.com_.part10.rar\">دانلود پارت ۱۰ با لینک مستقیم</a></p>\r\n\r\n<p dir=\"rtl\"><a href=\"https://dl5.downloadha.com/hosein/Game/June2021/17_2/cyberpunk_2077_v1.23_47678-GOG_www.Downloadha.com_.part11.rar\">دانلود پارت ۱۱ با لینک مستقیم</a></p>\r\n\r\n<p dir=\"rtl\"><a href=\"https://dl5.downloadha.com/hosein/Game/June2021/17_2/cyberpunk_2077_v1.23_47678-GOG_www.Downloadha.com_.part12.rar\">دانلود پارت ۱۲ با لینک مستقیم</a></p>\r\n\r\n<p dir=\"rtl\"><a href=\"https://dl5.downloadha.com/hosein/Game/June2021/17_2/cyberpunk_2077_v1.23_47678-GOG_www.Downloadha.com_.part13.rar\">دانلود پارت ۱۳ با لینک مستقیم</a></p>\r\n\r\n<p dir=\"rtl\"><a href=\"https://dl5.downloadha.com/hosein/Game/June2021/17_2/cyberpunk_2077_v1.23_47678-GOG_www.Downloadha.com_.part14.rar\">دانلود پارت ۱۴ با لینک مستقیم</a></p>\r\n\r\n<p dir=\"rtl\"><a href=\"https://dl5.downloadha.com/hosein/Game/June2021/17_2/cyberpunk_2077_v1.23_47678-GOG_www.Downloadha.com_.part15.rar\">دانلود پارت ۱۵ با لینک مستقیم</a></p>\r\n\r\n<p dir=\"rtl\"><a href=\"https://dl5.downloadha.com/hosein/Game/June2021/17_2/cyberpunk_2077_v1.23_47678-GOG_www.Downloadha.com_.part16.rar\">دانلود پارت ۱۶ با لینک مستقیم</a></p>\r\n\r\n<p dir=\"rtl\"><a href=\"https://dl5.downloadha.com/hosein/Game/June2021/17_2/cyberpunk_2077_v1.23_47678-GOG_www.Downloadha.com_.part17.rar\">دانلود پارت ۱۷ با لینک مستقیم</a></p>\r\n\r\n<p dir=\"rtl\"><a href=\"https://dl5.downloadha.com/hosein/Game/June2021/17_2/cyberpunk_2077_v1.23_47678-GOG_www.Downloadha.com_.part18.rar\">دانلود پارت ۱۸ با لینک مستقیم</a></p>\r\n\r\n<p dir=\"rtl\"><a href=\"https://dl5.downloadha.com/hosein/Game/June2021/17_2/cyberpunk_2077_v1.23_47678-GOG_www.Downloadha.com_.part19.rar\">دانلود پارت ۱۹ با لینک مستقیم</a></p>\r\n\r\n<p dir=\"rtl\"><a href=\"https://dl5.downloadha.com/hosein/Game/June2021/17_2/cyberpunk_2077_v1.23_47678-GOG_www.Downloadha.com_.part20.rar\">دانلود پارت ۲۰ با لینک مستقیم</a></p>\r\n\r\n<p dir=\"rtl\"><a href=\"https://dl5.downloadha.com/hosein/Game/June2021/17_2/cyberpunk_2077_v1.23_47678-GOG_www.Downloadha.com_.part21.rar\">دانلود پارت ۲۱ با لینک مستقیم</a></p>\r\n\r\n<p dir=\"rtl\"><a href=\"https://dl5.downloadha.com/hosein/Game/June2021/17_2/cyberpunk_2077_v1.23_47678-GOG_www.Downloadha.com_.part22.rar\">دانلود پارت ۲۲ با لینک مستقیم</a></p>\r\n\r\n<p dir=\"rtl\"><a href=\"https://dl5.downloadha.com/hosein/Game/June2021/17_2/cyberpunk_2077_v1.23_47678-GOG_www.Downloadha.com_.part23.rar\">دانلود پارت ۲۳ با لینک مستقیم</a></p>\r\n\r\n<p dir=\"rtl\"><a href=\"https://dl5.downloadha.com/hosein/Game/June2021/17_2/cyberpunk_2077_v1.23_47678-GOG_www.Downloadha.com_.part24.rar\">دانلود پارت ۲۴ با لینک مستقیم</a></p>\r\n\r\n<p dir=\"rtl\"><a href=\"https://dl5.downloadha.com/hosein/Game/June2021/17_2/cyberpunk_2077_v1.23_47678-GOG_www.Downloadha.com_.part25.rar\">دانلود پارت ۲۵ با لینک مستقیم</a></p>\r\n\r\n<p dir=\"rtl\"><a href=\"https://dl5.downloadha.com/hosein/Game/June2021/17_2/cyberpunk_2077_v1.23_47678-GOG_www.Downloadha.com_.part26.rar\">دانلود پارت ۲۶ با لینک مستقیم</a></p>\r\n\r\n<p dir=\"rtl\"><a href=\"https://dl5.downloadha.com/hosein/Game/June2021/17_2/cyberpunk_2077_v1.23_47678-GOG_www.Downloadha.com_.part27.rar\">دانلود پارت ۲۷ با لینک مستقیم</a></p>\r\n\r\n<p dir=\"rtl\"><a href=\"https://dl5.downloadha.com/hosein/Game/June2021/17_2/cyberpunk_2077_v1.23_47678-GOG_www.Downloadha.com_.part28.rar\">دانلود پارت ۲۸ با لینک مستقیم</a></p>\r\n\r\n<p dir=\"rtl\"><a href=\"https://dl5.downloadha.com/hosein/Game/June2021/17_2/cyberpunk_2077_v1.23_47678-GOG_www.Downloadha.com_.part29.rar\">دانلود پارت ۲۹ با لینک مستقیم</a></p>\r\n\r\n<p dir=\"rtl\"><a href=\"https://dl5.downloadha.com/hosein/Game/June2021/17_2/cyberpunk_2077_v1.23_47678-GOG_www.Downloadha.com_.part30.rar\">دانلود پارت ۳۰ با لینک مستقیم</a></p>\r\n\r\n<p dir=\"rtl\"><a href=\"https://dl5.downloadha.com/hosein/Game/June2021/17_2/cyberpunk_2077_v1.23_47678-GOG_www.Downloadha.com_.part31.rar\">دانلود پارت ۳۱ با لینک مستقیم</a></p>\r\n\r\n<p dir=\"rtl\"><a href=\"https://dl5.downloadha.com/hosein/Game/June2021/17_2/cyberpunk_2077_v1.23_47678-GOG_www.Downloadha.com_.part32.rar\">دانلود پارت ۳۲ با لینک مستقیم</a></p>\r\n\r\n<p dir=\"rtl\"><a href=\"https://dl5.downloadha.com/hosein/Game/June2021/17_2/cyberpunk_2077_v1.23_47678-GOG_www.Downloadha.com_.part33.rar\">دانلود پارت ۳۳ با لینک مستقیم</a></p>\r\n\r\n<p dir=\"rtl\"><a href=\"https://dl5.downloadha.com/hosein/Game/June2021/17_2/cyberpunk_2077_v1.23_47678-GOG_www.Downloadha.com_.part34.rar\">دانلود پارت ۳۴ با لینک مستقیم</a></p>\r\n\r\n<p dir=\"rtl\"><a href=\"https://dl5.downloadha.com/hosein/Game/June2021/17_2/cyberpunk_2077_v1.23_47678-GOG_www.Downloadha.com_.part35.rar\">دانلود پارت ۳۵ با لینک مستقیم</a></p>\r\n\r\n<p dir=\"rtl\"><a href=\"https://dl5.downloadha.com/hosein/Game/June2021/17_2/cyberpunk_2077_v1.23_47678-GOG_www.Downloadha.com_.part36.rar\">دانلود پارت ۳۶ با لینک مستقیم</a></p>\r\n\r\n<p dir=\"rtl\"><a href=\"https://dl5.downloadha.com/hosein/Game/June2021/17_2/cyberpunk_2077_v1.23_47678-GOG_www.Downloadha.com_.part37.rar\">دانلود پارت ۳۷ با لینک مستقیم</a></p>\r\n\r\n<p dir=\"rtl\"><a href=\"https://dl5.downloadha.com/hosein/Game/June2021/17_2/cyberpunk_2077_v1.23_47678-GOG_www.Downloadha.com_.part38.rar\">دانلود پارت ۳۸ با لینک مستقیم</a></p>\r\n\r\n<p dir=\"rtl\"><a href=\"https://dl5.downloadha.com/hosein/Game/June2021/17_2/cyberpunk_2077_v1.23_47678-GOG_www.Downloadha.com_.part39.rar\">دانلود پارت ۳۹ با لینک مستقیم</a></p>\r\n\r\n<p dir=\"rtl\"><a href=\"https://dl5.downloadha.com/hosein/Game/June2021/17_2/cyberpunk_2077_v1.23_47678-GOG_www.Downloadha.com_.part40.rar\">دانلود پارت ۴۰ با لینک مستقیم</a></p>\r\n\r\n<p dir=\"rtl\"><a href=\"https://dl5.downloadha.com/hosein/Game/June2021/17_2/cyberpunk_2077_v1.23_47678-GOG_www.Downloadha.com_.part41.rar\">دانلود پارت ۴۱ با لینک مستقیم</a></p>\r\n\r\n<p dir=\"rtl\"><a href=\"https://dl5.downloadha.com/hosein/Game/June2021/17_2/cyberpunk_2077_v1.23_47678-GOG_www.Downloadha.com_.part42.rar\">دانلود پارت ۴۲ با لینک مستقیم</a></p>\r\n\r\n<p dir=\"rtl\"><a href=\"https://dl5.downloadha.com/hosein/Game/June2021/17_2/cyberpunk_2077_v1.23_47678-GOG_www.Downloadha.com_.part43.rar\">دانلود پارت ۴۳ با لینک مستقیم</a></p>\r\n\r\n<p dir=\"rtl\"><a href=\"https://dl5.downloadha.com/hosein/Game/June2021/17_2/cyberpunk_2077_v1.23_47678-GOG_www.Downloadha.com_.part44.rar\">دانلود پارت ۴۴ با لینک مستقیم</a></p>\r\n\r\n<p dir=\"rtl\"><a href=\"https://dl5.downloadha.com/hosein/Game/June2021/17_2/cyberpunk_2077_v1.23_47678-GOG_www.Downloadha.com_.part45.rar\">دانلود پارت ۴۵ با لینک مستقیم</a></p>\r\n\r\n<p dir=\"rtl\"><a href=\"https://dl5.downloadha.com/hosein/Game/June2021/17_2/cyberpunk_2077_v1.23_47678-GOG_www.Downloadha.com_.part46.rar\">دانلود پارت ۴۶ با لینک مستقیم</a></p>\r\n\r\n<p dir=\"rtl\"><a href=\"https://dl5.downloadha.com/hosein/Game/June2021/17_2/cyberpunk_2077_v1.23_47678-GOG_www.Downloadha.com_.part47.rar\">دانلود پارت ۴۷ با لینک مستقیم</a></p>\r\n\r\n<p dir=\"rtl\"><a href=\"https://dl5.downloadha.com/hosein/Game/June2021/17_2/cyberpunk_2077_v1.23_47678-GOG_www.Downloadha.com_.part48.rar\">دانلود پارت ۴۸ با لینک مستقیم</a></p>\r\n\r\n<p dir=\"rtl\"><a href=\"https://dl5.downloadha.com/hosein/Game/June2021/17_2/cyberpunk_2077_v1.23_47678-GOG_www.Downloadha.com_.part49.rar\">دانلود پارت ۴۹ با لینک مستقیم</a></p>\r\n\r\n<p dir=\"rtl\"><a href=\"https://dl5.downloadha.com/hosein/Game/June2021/17_2/cyberpunk_2077_v1.23_47678-GOG_www.Downloadha.com_.part50.rar\">دانلود پارت ۵۰ با لینک مستقیم</a></p>\r\n\r\n<p dir=\"rtl\"><a href=\"https://dl5.downloadha.com/hosein/Game/June2021/17_2/cyberpunk_2077_v1.23_47678-GOG_www.Downloadha.com_.part51.rar\">دانلود پارت ۵۱ با لینک مستقیم</a></p>\r\n\r\n<p dir=\"rtl\"><a href=\"https://dl5.downloadha.com/hosein/Game/June2021/17_2/cyberpunk_2077_v1.23_47678-GOG_www.Downloadha.com_.part52.rar\">دانلود پارت ۵۲ با لینک مستقیم</a></p>\r\n\r\n<p dir=\"rtl\"><a href=\"https://dl5.downloadha.com/hosein/Game/June2021/17_2/cyberpunk_2077_v1.23_47678-GOG_www.Downloadha.com_.part53.rar\">دانلود پارت ۵۳ با لینک مستقیم</a></p>\r\n\r\n<p dir=\"rtl\"><a href=\"https://dl5.downloadha.com/hosein/Game/June2021/17_2/cyberpunk_2077_v1.23_47678-GOG_www.Downloadha.com_.part54.rar\">دانلود پارت ۵۴ با لینک مستقیم</a></p>\r\n\r\n<p dir=\"rtl\"><a href=\"https://dl5.downloadha.com/hosein/Game/June2021/17_2/cyberpunk_2077_v1.23_47678-GOG_www.Downloadha.com_.part55.rar\">دانلود پارت ۵۵ با لینک مستقیم</a></p>\r\n\r\n<p dir=\"rtl\">&mdash;&mdash;&mdash;&mdash;&mdash;</p>', 'بازی AAA, دانلود Cyberpunk 2077 برای pc, دانلود Cyberpunk 2077 نسخه GOG, دانلود بازی Cyberpunk 2077 برای pc, دانلود بازی Cyberpunk 2077 نسخه FitGirl, دانلود بازی سایبرپانک 2077, دانلود بازی سایبرپانک 2077 برای کامپیوتر, دانلود بازی سایبرپانک 2077 نسخه فشرده فیت گرل, دانلود رایگان بازی Cyberpunk 2077, دانلود فیت گرل بازی Cyberpunk 2077, دانلود کم حجم بازی Cyberpunk 2077, دانلود نسخه دودی بازی Cyberpunk 2077, دانلود نسخه فشرده بازی Cyberpunk 2077'),
(103, 1, 'دانلود کی ام پلیر The KMPlayer 2021.05.26.23 + 4.2.2.53', 'موبایل', '<p dir=\"rtl\" style=\"text-align:justify\">نسخه جدید دانلود کی ام پلیر KMPlayer با قابلیت <strong>پشتیبانی از ویدیوهای VR 360</strong> عرضه شد! هم چنین قابلیت VMR9/Direct3D 8 به عنوان یک ویژگی عمومی بر روی نرم افزار تنظیم شده است. دانلود کی ام پلیر بی شک یکی از محبوب ترین نرم افزارهای پلیر فایل های مالتی مدیا محسوب می شود.&nbsp;KMPlayer که نرم افزاری رایگان و کره ای هست توانسته در رقابت با نرم افزارهای تجاری مانند <a href=\"http://www.downloadha.com/software/cyberlink-powerdvd/\" rel=\"noopener noreferrer\" target=\"_blank\">PowerDVD</a> گوی سبقت را بگیرد. زیرا علاوه بر رایگان بودن و رهایی از دردسرهای کرک تمامی قابلیت های لازم برای یک پلیر و پخش کننده ویدیویی و فیلم و آهنگ را&nbsp;دارد.</p>\r\n\r\n<p dir=\"rtl\" style=\"text-align:justify\">&nbsp;پشتیبانی از فرمت هایی نظیر&nbsp;AVI, MOV, MPEG, MKV, MP4, FLV, 3GP, TS, WMV, ASF, SWF or RM &nbsp; و MP3, AAC, WAV, WMA, CDA, FLAC, M4A, MID, OGG, AC3 or DTS باعث شده است این نرم افزار مورد استفاده بسیاری از کاربران قرار گیرد. همچنین پشتیبانی از زیرنویس های فارسی بدون مشکلات رایج در میان دیگر پلیرها و وجود امکاناتی برای تنظیم زیرنویس ها باعث می شود که در برای تماشای فیلم بسیار مورد استفاده قرار گیرد.</p>', 'images/posts/post-103/wallpaper/kmplayer.jpg', 138, '2021-06-29 14:25:48', '2021-08-14 21:16:46', '<p dir=\"rtl\" style=\"text-align:justify\">این نرم افزار در هنگام نصب با بارگذاری کدک های مورد نیاز باعث می شود فرمت های فشرده شده نیز توسط آن پخش شود. نرم افزار دارای تنظیمات پیشرفته در زمینه ابزارهای تصویر و صدا است و می تواند افرادی که حرفه ای تر در عرصه مالتی مدیا فعالیت دارند را نیز راضی کند. در نسخه های جدید دانلود کی ام پلیر KMPlayer از فیلم های سه بعدی نیز پشتیبانی می کند و توانایی پخش انها را نیز دارد. همچنین این نرم افزار میتواند با اتصال به دستگاه های&nbsp;WDM TV و BDA HDTV به صورت زنده تصاویر آنها را در کامپیوتر برایتان پخش کند.</p>\r\n\r\n<p dir=\"rtl\" style=\"text-align:justify\"><strong>ویژگی های نرم افزار KM Player عبارتست از:</strong></p>\r\n\r\n<ul dir=\"rtl\">\r\n	<li style=\"text-align:justify\">امکان نمایش زیر نویس ها</li>\r\n	<li style=\"text-align:justify\">امکان تغییر قالب و پوسته برنامه</li>\r\n	<li style=\"text-align:justify\">امکان تعریف کردن Codec های جدید برای آن</li>\r\n	<li style=\"text-align:justify\">کمترین حجم از حافظه و منابع سیستم شما را اشغال می کند</li>\r\n	<li style=\"text-align:justify\">سرعت بالای اجرا و پخش فایل های شما</li>\r\n	<li style=\"text-align:justify\">امکان نمایش بصورت نوار کوچک بر روی صفحه ویندوز شما</li>\r\n	<li style=\"text-align:justify\">امکان استفاده از کلیدهای میانبر برای کار با قسمت های مختلف برنامه</li>\r\n	<li style=\"text-align:justify\">قابلیت تعریف و تنظیم کلیدهای پخش برنامه به آسانی</li>\r\n	<li style=\"text-align:justify\">قابلیت پشتبانی از پوسته و پلاگینهای مختلف در برنامه</li>\r\n	<li style=\"text-align:justify\">قابلیت نشان دادن اطلاعات فایلها به صورت کامل پشتیبانی از فایلهای فشرده</li>\r\n	<li style=\"text-align:justify\">پشتیبانی کامل از فرمتهای دی وی دی</li>\r\n	<li style=\"text-align:justify\">پشتبانی کامل از فایلهای فلش</li>\r\n	<li style=\"text-align:justify\">پشتیبانی بالا از دوربین های دیجیتال</li>\r\n	<li style=\"text-align:justify\">امکان پخش فایلهای AAC, OGG</li>\r\n	<li style=\"text-align:justify\">پشتیبانی از Shockwave Flash/FLC/FLI</li>\r\n	<li style=\"text-align:justify\">پوسته های جذاب و زیبا</li>\r\n	<li style=\"text-align:justify\">امکان هماهنگ شدن با پلاگینهای <a href=\"http://www.downloadha.com/1392/01/%d9%be%d8%ae%d8%b4-%d8%ad%d8%b1%d9%81%d9%87-%d8%a7%db%8c-%d9%85%d8%a7%d9%84%d8%aa%db%8c-%d9%85%d8%af%db%8c%d8%a7-%d8%a8%d8%a7-winamp-pro-v5-7-3363/\" rel=\"noopener noreferrer\" target=\"_blank\">Winamp</a></li>\r\n	<li style=\"text-align:justify\">پشتیبانی از فرمتهای صوتی و تصویری: VCD, DVD, AVI, MKV, Ogg Theora, OGM, 3GP, MPEG-1/2/4, WMV, RealMedia, and QuickTime</li>\r\n</ul>', NULL, '<div class=\"panel-body\">\r\n<p style=\"text-align:justify\">The KMPlayer is a versatile media player which can cover various types of container format such as VCD, DVD, AVI, MKV, Ogg Theora, OGM, 3GP, MPEG-1/2/4, WMV, RealMedia, and QuickTime among others. It handles a wide range of subtitles and allows you to capture audio, video, and screenshots in many ways.</p>\r\n\r\n<p style=\"text-align:justify\">The player provides both internal and external filters with a fully controlled environment in terms of connections to other splitters, decoders, audio/video transform filters and renderers without grappling with the DirectShow merit system. Internal filters are not registered to user&rsquo;s system to keep it from being messed up with system filters.</p>\r\n\r\n<p style=\"text-align:justify\">In December 2008 KMPlayer was bought by Pandora.tv, and continues to be made available as freeware.</p>\r\n</div>', NULL, '<p>Operating System: Windows 2000 or later (32-bit or 64-bit)<br />\r\nProcessor: 2.4 GHz or equivalent.<br />\r\nRAM Memory: 400 MB.<br />\r\nGraphics card: Graphics card compatible with DirectX 9.0 or superior.</p>', 3, 1, 0, '<p dir=\"rtl\" style=\"text-align:justify\">) فایل مورد نظر را از بخش دانلود دریافت کنید.</p>\r\n\r\n<p dir=\"rtl\" style=\"text-align:justify\">2) به راحتی نرم افزار را نصب کنید و از آن لذت ببرید.</p>\r\n\r\n<p dir=\"rtl\" style=\"text-align:justify\">=========================</p>\r\n\r\n<p dir=\"rtl\" style=\"text-align:justify\"><span style=\"color:#ff0000\"><strong>آموزش رفع مشکل باکس سفید نرم افزار:</strong></span></p>\r\n\r\n<p dir=\"rtl\" style=\"text-align:justify\">کاربران عزیز، برای رفع این مشکل بایستی دسترسی نرم افزار را به اینترنت قطع کنید. برای این امر، لطفا فایل اجرایی نرم افزار را در فایروال خود قرار دهید. اگر آنتی ویروسی دارید که فایروال داشته، لطفا از آن استفاده کنید. در غیر اینصورت، راحت ترین راه استفاده از فایروال ویندوز می باشد که بدین طریق هست:</p>\r\n\r\n<p dir=\"rtl\" style=\"text-align:justify\">1) وارد بخش Control Panel -&gt; Windows Firewall شوید. گزینه Advanced Settings را انتخاب کنید.</p>\r\n\r\n<p dir=\"rtl\" style=\"text-align:justify\">2) در پنجره بازشده وارد بخش Inbound Rules شده و گزینه New Rules در باکس سمت راست را کلیک کنید.</p>\r\n\r\n<p dir=\"rtl\" style=\"text-align:justify\">3) در باکس ایجادشده گزینه Program را انتخاب کنید و Next بزنید. در گام بعدی This Program Path را انتخاب کنید و بر روی Browse کلیک کرده و فایل اجرایی KMPlayer.exe که در محل نصب نرم افزار شما می باشد را انتخاب کنید.</p>\r\n\r\n<p dir=\"rtl\" style=\"text-align:justify\">4) در گام بعدی گزینه Block the connection را زده و Next را بزنید. در مرحله بعدی، تیک هر سه گزینه Domain, Private و Public فعال باشد. در نهایت نامی برای این قانون مثلا KMPlayer_Block_fix انتخاب کنید و Finish را بزنید.</p>\r\n\r\n<p dir=\"rtl\" style=\"text-align:justify\">5) مراحل 2 الی 4 را برای گزینه Outbound Rules نیز انجام دهید.</p>\r\n\r\n<p dir=\"rtl\" style=\"text-align:justify\">6) کار تمام است! دیگر باکس سفید نخواهید داشت!!</p>\r\n\r\n<p dir=\"rtl\" style=\"text-align:justify\">==========================</p>\r\n\r\n<p dir=\"rtl\" style=\"text-align:justify\"><span style=\"color:#339966\"><strong>آموزش راحت!!</strong></span> شما می توانید از نرم افزارهای بلاکر مثل Internet Lock نیز استفاده کنید. برای دانلود آخرین نسخه Internet Lock می توانید<a href=\"https://dl5.downloadha.com/hosein/trash/Internet.Lock.6.0.4 (www.Downloadha.com).zip\"><strong> اینجا</strong> </a>را کلیک کنید.</p>', '<div class=\"no-space panel-body\" dir=\"rtl\">\r\n<ul>\r\n	<li>حجم فایل: متغیر بنا به نسخه مورد نظر!</li>\r\n	<li>تاریخ انتشار: JUN-21-2021</li>\r\n	<li>منبع: <a href=\"https://www.downloadha.com\"> دانلود ها - دانلود رایگان نرم افزار،بازی،فیلم و سریال</a></li>\r\n	<li>قیمت: رایگان!</li>\r\n</ul>\r\n</div>', '<p dir=\"rtl\"><a href=\"https://soft1.downloadha.com/NarmAfzaar/June2021/KMPlayer.4.2.2.53_www.Downloadha.com_.zip\">دانلود نسخه ویندوز 32بیتی KMPlayer 4.2.2.53 با لینک مستقیم</a></p>\r\n\r\n<p dir=\"rtl\">&mdash;&mdash;&mdash;&mdash;&mdash;&mdash;</p>\r\n\r\n<p dir=\"rtl\"><a href=\"https://soft1.downloadha.com/NarmAfzaar/May2021/KMPlayer.2021.05.26.23.x64_www.Downloadha.com_.zip\">دانلود نسخه ویندوز 64بیتی KMPlayer 2021.05.26.23 با لینک مستقیم</a></p>\r\n\r\n<p dir=\"rtl\">&mdash;&mdash;&mdash;&mdash;&mdash;&mdash;</p>\r\n\r\n<p dir=\"rtl\"><a href=\"https://dl5.downloadha.com/hosein/NarmAfzaar/October2019/The.KMPlayer.4.2.2.31.portable_www.Downloadha.com_.exe\">دانلود نسخه پرتابل ویندوز KMPlayer 4.2.2.31 Portable با لینک مستقیم</a></p>\r\n\r\n<p dir=\"rtl\">&mdash;&mdash;&mdash;&mdash;&mdash;&mdash;</p>\r\n\r\n<p dir=\"rtl\"><a href=\"https://dl5.downloadha.com/AliRe/95/10/KMPlayer-0.3.2 Mac (www.Downloadha.com).zip\">دانلود نسخه مک KMPlayerX.0.3.2 با لینک مستقیم</a></p>', 'دانلود KMPlayer, دانلود KMPlayer با لینک مستقیم, دانلود آخرین نسخه KMPlayer, دانلود جدیدترین ورژن نسخه KMPlayer, دانلود نرم افزار پخش فیلم mkv با زیرنویس, دانلود نسخه آخر کا ام پلیر, کا ام پلیر, کی ام پلیر, نرم افزار کاربردی, نرم افزار نمایش فیلم با زیرنویس');

-- --------------------------------------------------------

--
-- Table structure for table `post_user`
--

CREATE TABLE `post_user` (
  `post_id` bigint(20) UNSIGNED NOT NULL,
  `user_id` bigint(20) UNSIGNED NOT NULL
) ENGINE=InnoDB DEFAULT CHARSET=utf8mb4 COLLATE=utf8mb4_unicode_ci;

-- --------------------------------------------------------

--
-- Table structure for table `productgallery`
--

CREATE TABLE `productgallery` (
  `id` bigint(20) UNSIGNED NOT NULL,
  `image` varchar(255) COLLATE utf8mb4_unicode_ci NOT NULL,
  `product_id` bigint(20) UNSIGNED NOT NULL
) ENGINE=InnoDB DEFAULT CHARSET=utf8mb4 COLLATE=utf8mb4_unicode_ci;

--
-- Dumping data for table `productgallery`
--

INSERT INTO `productgallery` (`id`, `image`, `product_id`) VALUES
(22, 'images/products/product-18/gallery/Crysis-Remastered-screenshots-01-780x439.jpg', 18),
(23, 'images/products/product-18/gallery/Crysis-Remastered-screenshots-02-780x439.jpg', 18),
(24, 'images/products/product-18/gallery/Crysis-Remastered-screenshots-03-780x439.jpg', 18),
(25, 'images/products/product-18/gallery/Crysis-Remastered-screenshots-04-780x439.jpg', 18),
(26, 'images/products/product-18/gallery/Crysis-Remastered-screenshots-05-780x439.jpg', 18),
(27, 'images/products/product-18/gallery/Crysis-Remastered-screenshots-06-780x439.jpg', 18);

-- --------------------------------------------------------

--
-- Table structure for table `products`
--

CREATE TABLE `products` (
  `id` bigint(20) UNSIGNED NOT NULL,
  `user_id` bigint(20) UNSIGNED NOT NULL,
  `name` varchar(255) COLLATE utf8mb4_unicode_ci NOT NULL,
  `description` text COLLATE utf8mb4_unicode_ci NOT NULL,
  `inventory` int(11) NOT NULL DEFAULT 0,
  `price` int(11) DEFAULT NULL,
  `views` int(11) NOT NULL DEFAULT 0,
  `likes` int(11) NOT NULL DEFAULT 0,
  `dislikes` int(11) NOT NULL DEFAULT 0,
  `wallpaper` text COLLATE utf8mb4_unicode_ci DEFAULT NULL,
  `tags` text COLLATE utf8mb4_unicode_ci DEFAULT NULL,
  `created_at` timestamp NULL DEFAULT NULL,
  `updated_at` timestamp NULL DEFAULT NULL
) ENGINE=InnoDB DEFAULT CHARSET=utf8mb4 COLLATE=utf8mb4_unicode_ci;

--
-- Dumping data for table `products`
--

INSERT INTO `products` (`id`, `user_id`, `name`, `description`, `inventory`, `price`, `views`, `likes`, `dislikes`, `wallpaper`, `tags`, `created_at`, `updated_at`) VALUES
(15, 1, 'بازی Mad Rat Dead v1.01 برای PS4', '<p dir=\"rtl\">بازی Mad Rat Dead این فرصت را به شما می&zwnj;دهد که آخرین روز از زندگی خود را در کره زمین سپری کرده و در نقش یک موش صحرایی، به دنبال رویاهای خود باشید. شما می&zwnj;توانید از قدرت&zwnj;های این موش استفاده کرده و قلب او را با یک موسیقی هیجان انگیز پمپاژ کنید. او از طریق همین موسیقی زنده مانده و نباید اجازه دهد که زمانش تمام شود. شما یک روز بزرگ در پیش رو دارید و می&zwnj;توانید از این فرصت برای تسویه حساب استفاده کنید. وقت آن رسیده است که از ریتم موسیقی استفاده کرده و یک تجربه اکشن تمام عیار مبتنی بر موسیقی داشته باشید. در این بازی گیم پلی جذابی را شاهد خواهیم بود که می&zwnj;توانید به صورت تند و سریع دنبال کرده و سریع در ریتم موسیقی بازی قرار بگیرید.</p>', 20, 120, 0, 0, 0, 'images/products/product-15/wallpaper/Mad-Rat-Dead-PS4-Cover-Large.jpg', NULL, '2021-07-18 12:07:35', '2021-07-18 12:07:35'),
(16, 1, 'بازی Dying Light The Following Enhanced Edition', '<p dir=\"rtl\">نسخه ی Enhanced Edition این بازی بر پایه ی نسخه ی اصلی Dying Light می باشد و این در حالی است که در کنار آن, قابلیت های بیشتری از جمله تمامی محتوای اضافی و بروزرسانی هایی است که تاکنون برای این بازی منتشر شده را نیز شامل می شود. این محتویات اضافه شامل تمامی موارد Be the Zombie, Cuisine &amp; Cargo, Ultimate Survivor Bundle و The Bozak Horde می باشد و در نهایت The Following نیز به صورت جداگانه دارای قابلیت های مختص به خود می باشد.&nbsp;دانلود بازی Dying Light The Following Enhanced Edition آخرین محتوای اضافی پولی این عنوان می باشد؛ اما دارای قابلیت های کمی نمی باشد و کوچک نیست.</p>', 25, 110, 0, 0, 0, 'images/products/product-16/wallpaper/Dying-Light-The-Following-Enhanced-Edition-ps4-cover-small.jpg', NULL, '2021-07-19 10:00:21', '2021-07-19 10:00:21'),
(17, 1, 'بازی Descenders v1.10 برای PS4 – نسخه UNLiMiTED', '<p dir=\"rtl\">علاقه مندان به رشته ورزشی دوچرخه سواری نمایشی حاضر باشند که قرار است برای اولین بار با بازی Descenders همراه شوند و اوج هیجان را تجربه کنند. این بازی به مدرن ترین شکل ممکن یک فضا برای شما ایجاد کرده است تا با دوچرخه خود به نمایش در محیط بازی بپردازید و تا می توانید به آزادانه در آن حرکت کنید. کنترل کامل درچرخه در اختیار شما است و زاویه دوربین هم به درستی توسط سازندگان در بهترین وضعیت ممکن قرار گرفته است. باید زیرکانه حرکت کنید و سعی کنید که دوام بیشتر در محیط ها داشته باشید. سیستم فیزیکی بازی اجازه کنترل اسکراب ها و بلند شدن ها را به شما می دهد و می توانید به حرفه ای ترین شکل ممکن تعادل خود را در هوا و زمین حفظ کنید. پرش های افسانه ای انجام دهید و سعی کنید که تجربه ای نزدیک به واقعیت را داشته باشید.</p>', 12, 95, 1, 0, 0, 'images/products/product-17/wallpaper/Descenders-PS4-Cover-Small.jpg', NULL, '2021-07-19 10:09:15', '2021-08-09 19:31:48'),
(18, 1, 'بازی Crysis Remastered برای PS4 – نسخه هک شده DUPLEX', '<p dir=\"rtl\">بازی Crysis Remastered روایتگر داستان گروهی از افراد تیم Raptor از نیروی ویژه آمریکا را روایت می&zwnj;کند که با وظیفه شناسایی فعالیت&zwnj;های نامشخص کره&zwnj;شمالی در کشور فیلیپین، به جزیره &zwnj;لینگشان سفر می&zwnj;کنند. اما با ورود این تیم به جزیره، مشخص می&zwnj;شود که نیرو های کره&zwnj;شمالی موفق به پیدا کردن موجودات فضایی خطرناکی شدند که می&zwnj;توانند حیات کل انسان&zwnj;ها را به خاطر بیاندازد. همان طور که انتظار می&zwnj;رود، اعضای تیم رپتر در صدد نابودی این موجودات و نجات جان بشر هستند. داستان کرایسیس در عین آن که یک داستان کلیشه&zwnj;ای و شاید تاریخ مصرف گذشته داشته باشد، اما همچنان با توجه به آن که بازی در سال ۲۰۰۷ منتشر شده، می&zwnj;توان از آن به عنوان یک داستان کوتاه و جالب نام برد. نسخه ریمستر هم بدون هیچ گونه تغییری این داستان را همان گونه که ساخته شده به تصویر می&zwnj;کشد.</p>', 30, 125, 0, 0, 0, 'images/products/product-18/wallpaper/Crysis-Remastered-PS4-Cover-Large.jpg', NULL, '2021-07-19 10:11:52', '2021-07-19 10:11:52'),
(19, 1, 'نسخه هک‌شده بازی Creaks v1.01 برای PS4', '<p dir=\"rtl\" style=\"text-align:justify\">داستان بازی Creaks با پسری در حال درس خواندن شروع می&zwnj;شود که احتمالاً از تعویق چندین و چند بارۀ کنکور کلافه شده است. در این میان لامپ اتاق او شروع به اتصالی می&zwnj;کند و چند تلاش برای مرتفع کردن این مشکل به خلاصی از دست این لامپ دردسرساز، باعث پیدا شدن حفره&zwnj;ای در دیوار اتاق می&zwnj;شود که با کمی بررسی منجر به یافتن امارتی بزرگ زیر خانۀ قهرمان داستان می&zwnj;شود. کنجکاوی، سکانِ هدایت این شخص را به دست می&zwnj;گیرد و وارد شدن به این امارت، او را وارد دنیایی از هیولاها و پرندگان سخنگو می&zwnj;کند.</p>\r\n\r\n<p dir=\"rtl\" style=\"text-align:justify\">با وجود روایت داستان بدون استفاده از دیالوگ یا میان&zwnj;پرده&zwnj;های سینمایی، با داستان نسبتاً پر از نکته&zwnj;ای طرف هستیم که در مدت کوتاه آن، آرام آرام جنبه&zwnj;های مختلف خودش را به مخاطب نشان می&zwnj;دهد. در کنار روایت اصلی که به طور مستقیم در حال تجربۀ آن هستیم، تعدادی تابلوی نقاشی تعاملی هم در گوشه و کنار این امارت جا داده شده که پس&zwnj;زمینۀ داستان را بیش از پیش روشن می&zwnj;کنند. چهار شخصیت فرعی هم در طول داستان بازی Creaks سر راه مخاطب قرار می&zwnj;گیرند که اولین نفر در برخوردهای ابتدایی تا حدودی یادآور اسکروجِ داستان &laquo;سرود کریسمس&raquo; است اما بعد از رو به رو شدن با همراهان او و موقعیت&zwnj;های بامزه&zwnj;ای که خلق می&zwnj;کنند، شخصیت&zwnj;های محبوب سری لاکپشت&zwnj;های نینجا را در ذهن تداعی می&zwnj;کنند.</p>', 15, 80, 0, 0, 0, 'images/products/product-19/wallpaper/Creaks-PS4-Cover.jpg', NULL, '2021-07-19 10:13:47', '2021-07-19 10:13:47'),
(20, 1, 'بازی Resident Evil Village برای کامپیوتر – نسخه EMPRESS و', '<p dir=\"rtl\" style=\"text-align:justify\">رزیدنت ایول ۸ یک دنباله مستقیم برای Resident Evil 7 بوده و داستان ایتن وینترز را دنبال می&zwnj;کند، ولی هدف بازیکنان تغییر کرده است. در بازی Resident Evil Village شما باید روستا را از شر موجودات عجیب و غریب نجات دهند. برخلاف RE 7 که هدف بازیکنان فقط بقا و فرار بود، این بار بازیکنان نقش مهاجم را دارند. تاکنون ۴۶ نقد و بررسی از رزیدنت اویل ۸ منتشر شده و این بازی توانسته متای ۸۵ از ۱۰۰ را به دست آورد.</p>\r\n\r\n<p dir=\"rtl\" style=\"text-align:justify\">&nbsp;Resident Evil Village بهترین ویژگی&zwnj;های این فرانچایز در ۲۵ سال گذشته را با هم ترکیب می&zwnj;کند و این ماجراجوی، طرفداران سبک وحشت و هم اکشن را راضی نگه می&zwnj;دارد. محیط&zwnj;های بزرگ بازی نیز اجازه گشت و گذار و پیدا کردن آیتم&zwnj;ها مختلف را به بازیکن می&zwnj;&zwnj;دهد. کمپین بازی نیز خوب بوده و بازیکنان می&zwnj;توانند اسلحه&zwnj;های خوبی پیدا کنند. RE 8 بهترین ورژن موجود از این فرانچایز است (نقد از PlayStation Universe با اعطای نمره ۹۰).</p>', 10, 140, 0, 0, 0, 'images/products/product-20/wallpaper/Resident-Evil-Village-pc-cover-large.jpg', NULL, '2021-07-19 10:17:18', '2021-07-19 10:17:18'),
(21, 1, 'پکیج نرم افزار آفیس ۲۰۱۶ آخرین آپدیت – Microsoft Office 2016 June 2021', '<p dir=\"rtl\">باید گفت آفیس ۲۰۱۶ نسبت به نسخه های پیشین این نرم افزار یعنی آفیس ۲۰۱۳ و آفیس ۲۰۱۰ بسیار بهبود داشته است! Microsoft Office Professional Plus 2016 تمامی چیزهایی را که میخواهید در هم می آمیزد و تمامی اسناد و مدارک در هر زمینه ای را می توانید با آن ویرایش و ایجاد نمایید. مایکروسافت در این نسخه از مجموعه&zwnj; نرم&zwnj;افزارهای اداری خود، به بهبود وض و، فضای مورد نیاز و سطح عملکرد تحویل ایمیل در Outlook 2016 پرداخته و در کنار آن بهینه&zwnj;سازی&zwnj;هایی نیز در جاسازی تصاویر در Word 2016 و Excel 2016 اعمال کرده است.</p>', 28, 80, 0, 0, 0, 'images/products/product-21/wallpaper/Microsoft-Office-2019-Cover.jpg', NULL, '2021-07-19 10:44:39', '2021-07-19 10:44:39');

-- --------------------------------------------------------

--
-- Table structure for table `rules`
--

CREATE TABLE `rules` (
  `id` bigint(20) UNSIGNED NOT NULL,
  `name` varchar(255) COLLATE utf8mb4_unicode_ci NOT NULL,
  `label` text COLLATE utf8mb4_unicode_ci DEFAULT NULL,
  `created_at` timestamp NULL DEFAULT NULL,
  `updated_at` timestamp NULL DEFAULT NULL
) ENGINE=InnoDB DEFAULT CHARSET=utf8mb4 COLLATE=utf8mb4_unicode_ci;

--
-- Dumping data for table `rules`
--

INSERT INTO `rules` (`id`, `name`, `label`, `created_at`, `updated_at`) VALUES
(6, 'مدیر کل', NULL, '2021-07-04 05:06:51', '2021-07-04 05:06:51'),
(7, 'مدیر', NULL, '2021-08-11 21:18:53', '2021-08-11 21:18:53'),
(8, 'نویسنده', NULL, '2021-08-11 21:23:05', '2021-08-11 21:23:05');

-- --------------------------------------------------------

--
-- Table structure for table `rule_user`
--

CREATE TABLE `rule_user` (
  `user_id` bigint(20) UNSIGNED NOT NULL,
  `rule_id` bigint(20) UNSIGNED NOT NULL
) ENGINE=InnoDB DEFAULT CHARSET=utf8mb4 COLLATE=utf8mb4_unicode_ci;

--
-- Dumping data for table `rule_user`
--

INSERT INTO `rule_user` (`user_id`, `rule_id`) VALUES
(1, 6);

-- --------------------------------------------------------

--
-- Table structure for table `users`
--

CREATE TABLE `users` (
  `id` bigint(20) UNSIGNED NOT NULL,
  `two_factor_auth` enum('off','sms','email') COLLATE utf8mb4_unicode_ci NOT NULL DEFAULT 'off',
  `is_staff` tinyint(1) NOT NULL DEFAULT 0,
  `is_superuser` tinyint(1) NOT NULL DEFAULT 0,
  `name` varchar(255) COLLATE utf8mb4_unicode_ci NOT NULL,
  `email` varchar(255) COLLATE utf8mb4_unicode_ci NOT NULL,
  `phone_number` varchar(255) COLLATE utf8mb4_unicode_ci DEFAULT NULL,
  `password` varchar(255) COLLATE utf8mb4_unicode_ci NOT NULL,
  `phone_verified_at` timestamp NULL DEFAULT NULL,
  `email_verified_at` timestamp NULL DEFAULT NULL,
  `remember_token` varchar(100) COLLATE utf8mb4_unicode_ci DEFAULT NULL,
  `created_at` timestamp NULL DEFAULT NULL,
  `updated_at` timestamp NULL DEFAULT NULL
) ENGINE=InnoDB DEFAULT CHARSET=utf8mb4 COLLATE=utf8mb4_unicode_ci;

--
-- Dumping data for table `users`
--

INSERT INTO `users` (`id`, `two_factor_auth`, `is_staff`, `is_superuser`, `name`, `email`, `phone_number`, `password`, `phone_verified_at`, `email_verified_at`, `remember_token`, `created_at`, `updated_at`) VALUES
(1, 'off', 0, 0, 'milad', 'mohammadsamadi1374@gmail.com', '09390091350', '$2y$10$NQsaoCl/gZmrk7pEazks7.xsldxDA9.k184d6WyrKQUd/pssbI1c6', '2021-07-15 07:46:10', '2021-07-15 07:46:07', 'kcUGJGD2Lzi3Mp1bFmaQ5pV85OsLpxAU3J9tkyGnuyGkLqvNlPh2gKgroARq', '2021-06-09 14:11:29', '2021-07-15 07:36:06'),
(11, 'off', 0, 0, 'goli', 'mohammadsamadi1375@gmail.com', '09390091350', '$2y$10$vm2YtNzxljTTOs9whIZfsueWt.Yze70/8oIcuXxs0IBSijrNKgH7q', NULL, NULL, NULL, '2021-08-10 21:10:07', '2021-08-10 21:10:07');

-- --------------------------------------------------------

--
-- Table structure for table `validation_codes`
--

CREATE TABLE `validation_codes` (
  `id` bigint(20) UNSIGNED NOT NULL,
  `user_id` bigint(20) UNSIGNED NOT NULL,
  `code` varchar(255) COLLATE utf8mb4_unicode_ci NOT NULL,
  `expired_at` timestamp NOT NULL DEFAULT current_timestamp() ON UPDATE current_timestamp()
) ENGINE=InnoDB DEFAULT CHARSET=utf8mb4 COLLATE=utf8mb4_unicode_ci;

--
-- Dumping data for table `validation_codes`
--

INSERT INTO `validation_codes` (`id`, `user_id`, `code`, `expired_at`) VALUES
(254, 1, 'GjK26YcDr7ju5tXv', '2021-08-08 09:59:13');

--
-- Indexes for dumped tables
--

--
-- Indexes for table `addresses`
--
ALTER TABLE `addresses`
  ADD PRIMARY KEY (`id`),
  ADD KEY `addresses_user_id_foreign` (`user_id`);

--
-- Indexes for table `attributes`
--
ALTER TABLE `attributes`
  ADD PRIMARY KEY (`id`);

--
-- Indexes for table `attribute_product`
--
ALTER TABLE `attribute_product`
  ADD PRIMARY KEY (`product_id`,`attribute_id`,`value_id`),
  ADD KEY `attribute_product_attribute_id_foreign` (`attribute_id`),
  ADD KEY `attribute_product_value_id_foreign` (`value_id`);

--
-- Indexes for table `attribute_values`
--
ALTER TABLE `attribute_values`
  ADD PRIMARY KEY (`id`),
  ADD KEY `attribute_values_attribute_id_foreign` (`attribute_id`);

--
-- Indexes for table `categories`
--
ALTER TABLE `categories`
  ADD PRIMARY KEY (`id`);

--
-- Indexes for table `category_post`
--
ALTER TABLE `category_post`
  ADD PRIMARY KEY (`category_id`,`post_id`),
  ADD KEY `category_post_post_id_foreign` (`post_id`);

--
-- Indexes for table `category_product`
--
ALTER TABLE `category_product`
  ADD PRIMARY KEY (`category_id`,`product_id`),
  ADD KEY `category_product_product_id_foreign` (`product_id`);

--
-- Indexes for table `comments`
--
ALTER TABLE `comments`
  ADD PRIMARY KEY (`id`),
  ADD KEY `comments_user_id_foreign` (`user_id`);

--
-- Indexes for table `failed_jobs`
--
ALTER TABLE `failed_jobs`
  ADD PRIMARY KEY (`id`),
  ADD UNIQUE KEY `failed_jobs_uuid_unique` (`uuid`);

--
-- Indexes for table `jobs`
--
ALTER TABLE `jobs`
  ADD PRIMARY KEY (`id`),
  ADD KEY `jobs_queue_index` (`queue`);

--
-- Indexes for table `migrations`
--
ALTER TABLE `migrations`
  ADD PRIMARY KEY (`id`);

--
-- Indexes for table `orders`
--
ALTER TABLE `orders`
  ADD PRIMARY KEY (`id`),
  ADD KEY `orders_user_id_foreign` (`user_id`);

--
-- Indexes for table `order_product`
--
ALTER TABLE `order_product`
  ADD PRIMARY KEY (`order_id`,`product_id`),
  ADD KEY `order_product_product_id_foreign` (`product_id`);

--
-- Indexes for table `password_resets`
--
ALTER TABLE `password_resets`
  ADD KEY `password_resets_email_index` (`email`);

--
-- Indexes for table `payments`
--
ALTER TABLE `payments`
  ADD PRIMARY KEY (`id`),
  ADD KEY `payments_order_id_foreign` (`order_id`),
  ADD KEY `payments_address_id_foreign` (`address_id`);

--
-- Indexes for table `permissions`
--
ALTER TABLE `permissions`
  ADD PRIMARY KEY (`id`);

--
-- Indexes for table `permission_rule`
--
ALTER TABLE `permission_rule`
  ADD PRIMARY KEY (`permission_id`,`rule_id`),
  ADD KEY `permission_rule_rule_id_foreign` (`rule_id`);

--
-- Indexes for table `permission_user`
--
ALTER TABLE `permission_user`
  ADD PRIMARY KEY (`user_id`,`permission_id`),
  ADD KEY `permission_user_permission_id_foreign` (`permission_id`);

--
-- Indexes for table `postgallery`
--
ALTER TABLE `postgallery`
  ADD PRIMARY KEY (`id`),
  ADD KEY `postgallery_post_id_foreign` (`post_id`);

--
-- Indexes for table `posticon`
--
ALTER TABLE `posticon`
  ADD PRIMARY KEY (`id`),
  ADD KEY `posticon_post_id_foreign` (`post_id`);

--
-- Indexes for table `posts`
--
ALTER TABLE `posts`
  ADD PRIMARY KEY (`id`),
  ADD KEY `posts_user_id_foreign` (`user_id`);

--
-- Indexes for table `post_user`
--
ALTER TABLE `post_user`
  ADD PRIMARY KEY (`user_id`,`post_id`),
  ADD KEY `post_user_post_id_foreign` (`post_id`);

--
-- Indexes for table `productgallery`
--
ALTER TABLE `productgallery`
  ADD PRIMARY KEY (`id`),
  ADD KEY `productgallery_product_id_foreign` (`product_id`);

--
-- Indexes for table `products`
--
ALTER TABLE `products`
  ADD PRIMARY KEY (`id`),
  ADD KEY `products_user_id_foreign` (`user_id`);

--
-- Indexes for table `rules`
--
ALTER TABLE `rules`
  ADD PRIMARY KEY (`id`);

--
-- Indexes for table `rule_user`
--
ALTER TABLE `rule_user`
  ADD PRIMARY KEY (`user_id`,`rule_id`),
  ADD KEY `rule_user_rule_id_foreign` (`rule_id`);

--
-- Indexes for table `users`
--
ALTER TABLE `users`
  ADD PRIMARY KEY (`id`),
  ADD UNIQUE KEY `users_email_unique` (`email`);

--
-- Indexes for table `validation_codes`
--
ALTER TABLE `validation_codes`
  ADD PRIMARY KEY (`id`),
  ADD KEY `validation_codes_user_id_foreign` (`user_id`);

--
-- AUTO_INCREMENT for dumped tables
--

--
-- AUTO_INCREMENT for table `addresses`
--
ALTER TABLE `addresses`
  MODIFY `id` bigint(20) UNSIGNED NOT NULL AUTO_INCREMENT, AUTO_INCREMENT=13;

--
-- AUTO_INCREMENT for table `attributes`
--
ALTER TABLE `attributes`
  MODIFY `id` bigint(20) UNSIGNED NOT NULL AUTO_INCREMENT, AUTO_INCREMENT=6;

--
-- AUTO_INCREMENT for table `attribute_values`
--
ALTER TABLE `attribute_values`
  MODIFY `id` bigint(20) UNSIGNED NOT NULL AUTO_INCREMENT, AUTO_INCREMENT=9;

--
-- AUTO_INCREMENT for table `categories`
--
ALTER TABLE `categories`
  MODIFY `id` bigint(20) UNSIGNED NOT NULL AUTO_INCREMENT, AUTO_INCREMENT=1793;

--
-- AUTO_INCREMENT for table `comments`
--
ALTER TABLE `comments`
  MODIFY `id` bigint(20) UNSIGNED NOT NULL AUTO_INCREMENT, AUTO_INCREMENT=31;

--
-- AUTO_INCREMENT for table `failed_jobs`
--
ALTER TABLE `failed_jobs`
  MODIFY `id` bigint(20) UNSIGNED NOT NULL AUTO_INCREMENT;

--
-- AUTO_INCREMENT for table `jobs`
--
ALTER TABLE `jobs`
  MODIFY `id` bigint(20) UNSIGNED NOT NULL AUTO_INCREMENT, AUTO_INCREMENT=24;

--
-- AUTO_INCREMENT for table `migrations`
--
ALTER TABLE `migrations`
  MODIFY `id` int(10) UNSIGNED NOT NULL AUTO_INCREMENT, AUTO_INCREMENT=50;

--
-- AUTO_INCREMENT for table `orders`
--
ALTER TABLE `orders`
  MODIFY `id` bigint(20) UNSIGNED NOT NULL AUTO_INCREMENT, AUTO_INCREMENT=15;

--
-- AUTO_INCREMENT for table `payments`
--
ALTER TABLE `payments`
  MODIFY `id` bigint(20) UNSIGNED NOT NULL AUTO_INCREMENT, AUTO_INCREMENT=13;

--
-- AUTO_INCREMENT for table `permissions`
--
ALTER TABLE `permissions`
  MODIFY `id` bigint(20) UNSIGNED NOT NULL AUTO_INCREMENT, AUTO_INCREMENT=40;

--
-- AUTO_INCREMENT for table `postgallery`
--
ALTER TABLE `postgallery`
  MODIFY `id` bigint(20) UNSIGNED NOT NULL AUTO_INCREMENT, AUTO_INCREMENT=49;

--
-- AUTO_INCREMENT for table `posticon`
--
ALTER TABLE `posticon`
  MODIFY `id` bigint(20) UNSIGNED NOT NULL AUTO_INCREMENT, AUTO_INCREMENT=12;

--
-- AUTO_INCREMENT for table `posts`
--
ALTER TABLE `posts`
  MODIFY `id` bigint(20) UNSIGNED NOT NULL AUTO_INCREMENT, AUTO_INCREMENT=104;

--
-- AUTO_INCREMENT for table `productgallery`
--
ALTER TABLE `productgallery`
  MODIFY `id` bigint(20) UNSIGNED NOT NULL AUTO_INCREMENT, AUTO_INCREMENT=28;

--
-- AUTO_INCREMENT for table `products`
--
ALTER TABLE `products`
  MODIFY `id` bigint(20) UNSIGNED NOT NULL AUTO_INCREMENT, AUTO_INCREMENT=24;

--
-- AUTO_INCREMENT for table `rules`
--
ALTER TABLE `rules`
  MODIFY `id` bigint(20) UNSIGNED NOT NULL AUTO_INCREMENT, AUTO_INCREMENT=9;

--
-- AUTO_INCREMENT for table `users`
--
ALTER TABLE `users`
  MODIFY `id` bigint(20) UNSIGNED NOT NULL AUTO_INCREMENT, AUTO_INCREMENT=12;

--
-- AUTO_INCREMENT for table `validation_codes`
--
ALTER TABLE `validation_codes`
  MODIFY `id` bigint(20) UNSIGNED NOT NULL AUTO_INCREMENT, AUTO_INCREMENT=255;

--
-- Constraints for dumped tables
--

--
-- Constraints for table `addresses`
--
ALTER TABLE `addresses`
  ADD CONSTRAINT `addresses_user_id_foreign` FOREIGN KEY (`user_id`) REFERENCES `users` (`id`) ON DELETE CASCADE;

--
-- Constraints for table `attribute_product`
--
ALTER TABLE `attribute_product`
  ADD CONSTRAINT `attribute_product_attribute_id_foreign` FOREIGN KEY (`attribute_id`) REFERENCES `attributes` (`id`) ON DELETE CASCADE,
  ADD CONSTRAINT `attribute_product_product_id_foreign` FOREIGN KEY (`product_id`) REFERENCES `products` (`id`) ON DELETE CASCADE,
  ADD CONSTRAINT `attribute_product_value_id_foreign` FOREIGN KEY (`value_id`) REFERENCES `attribute_values` (`id`) ON DELETE CASCADE;

--
-- Constraints for table `attribute_values`
--
ALTER TABLE `attribute_values`
  ADD CONSTRAINT `attribute_values_attribute_id_foreign` FOREIGN KEY (`attribute_id`) REFERENCES `attributes` (`id`) ON DELETE CASCADE;

--
-- Constraints for table `category_post`
--
ALTER TABLE `category_post`
  ADD CONSTRAINT `category_post_category_id_foreign` FOREIGN KEY (`category_id`) REFERENCES `categories` (`id`) ON DELETE CASCADE,
  ADD CONSTRAINT `category_post_post_id_foreign` FOREIGN KEY (`post_id`) REFERENCES `posts` (`id`) ON DELETE CASCADE;

--
-- Constraints for table `category_product`
--
ALTER TABLE `category_product`
  ADD CONSTRAINT `category_product_category_id_foreign` FOREIGN KEY (`category_id`) REFERENCES `categories` (`id`) ON DELETE CASCADE,
  ADD CONSTRAINT `category_product_product_id_foreign` FOREIGN KEY (`product_id`) REFERENCES `products` (`id`) ON DELETE CASCADE;

--
-- Constraints for table `comments`
--
ALTER TABLE `comments`
  ADD CONSTRAINT `comments_user_id_foreign` FOREIGN KEY (`user_id`) REFERENCES `users` (`id`) ON DELETE CASCADE;

--
-- Constraints for table `orders`
--
ALTER TABLE `orders`
  ADD CONSTRAINT `orders_user_id_foreign` FOREIGN KEY (`user_id`) REFERENCES `users` (`id`) ON DELETE CASCADE;

--
-- Constraints for table `order_product`
--
ALTER TABLE `order_product`
  ADD CONSTRAINT `order_product_order_id_foreign` FOREIGN KEY (`order_id`) REFERENCES `orders` (`id`) ON DELETE CASCADE,
  ADD CONSTRAINT `order_product_product_id_foreign` FOREIGN KEY (`product_id`) REFERENCES `products` (`id`) ON DELETE CASCADE;

--
-- Constraints for table `payments`
--
ALTER TABLE `payments`
  ADD CONSTRAINT `payments_address_id_foreign` FOREIGN KEY (`address_id`) REFERENCES `addresses` (`id`),
  ADD CONSTRAINT `payments_order_id_foreign` FOREIGN KEY (`order_id`) REFERENCES `orders` (`id`) ON DELETE CASCADE;

--
-- Constraints for table `permission_rule`
--
ALTER TABLE `permission_rule`
  ADD CONSTRAINT `permission_rule_permission_id_foreign` FOREIGN KEY (`permission_id`) REFERENCES `permissions` (`id`) ON DELETE CASCADE,
  ADD CONSTRAINT `permission_rule_rule_id_foreign` FOREIGN KEY (`rule_id`) REFERENCES `rules` (`id`) ON DELETE CASCADE;

--
-- Constraints for table `permission_user`
--
ALTER TABLE `permission_user`
  ADD CONSTRAINT `permission_user_permission_id_foreign` FOREIGN KEY (`permission_id`) REFERENCES `permissions` (`id`) ON DELETE CASCADE,
  ADD CONSTRAINT `permission_user_user_id_foreign` FOREIGN KEY (`user_id`) REFERENCES `users` (`id`) ON DELETE CASCADE;

--
-- Constraints for table `postgallery`
--
ALTER TABLE `postgallery`
  ADD CONSTRAINT `postgallery_post_id_foreign` FOREIGN KEY (`post_id`) REFERENCES `posts` (`id`) ON DELETE CASCADE;

--
-- Constraints for table `posticon`
--
ALTER TABLE `posticon`
  ADD CONSTRAINT `posticon_post_id_foreign` FOREIGN KEY (`post_id`) REFERENCES `posts` (`id`) ON DELETE CASCADE;

--
-- Constraints for table `posts`
--
ALTER TABLE `posts`
  ADD CONSTRAINT `posts_user_id_foreign` FOREIGN KEY (`user_id`) REFERENCES `users` (`id`) ON DELETE CASCADE;

--
-- Constraints for table `post_user`
--
ALTER TABLE `post_user`
  ADD CONSTRAINT `post_user_post_id_foreign` FOREIGN KEY (`post_id`) REFERENCES `posts` (`id`) ON DELETE CASCADE,
  ADD CONSTRAINT `post_user_user_id_foreign` FOREIGN KEY (`user_id`) REFERENCES `users` (`id`) ON DELETE CASCADE;

--
-- Constraints for table `productgallery`
--
ALTER TABLE `productgallery`
  ADD CONSTRAINT `productgallery_product_id_foreign` FOREIGN KEY (`product_id`) REFERENCES `products` (`id`) ON DELETE CASCADE;

--
-- Constraints for table `products`
--
ALTER TABLE `products`
  ADD CONSTRAINT `products_user_id_foreign` FOREIGN KEY (`user_id`) REFERENCES `users` (`id`) ON DELETE CASCADE;

--
-- Constraints for table `rule_user`
--
ALTER TABLE `rule_user`
  ADD CONSTRAINT `rule_user_rule_id_foreign` FOREIGN KEY (`rule_id`) REFERENCES `rules` (`id`) ON DELETE CASCADE,
  ADD CONSTRAINT `rule_user_user_id_foreign` FOREIGN KEY (`user_id`) REFERENCES `users` (`id`) ON DELETE CASCADE;

--
-- Constraints for table `validation_codes`
--
ALTER TABLE `validation_codes`
  ADD CONSTRAINT `validation_codes_user_id_foreign` FOREIGN KEY (`user_id`) REFERENCES `users` (`id`) ON DELETE CASCADE;
COMMIT;

/*!40101 SET CHARACTER_SET_CLIENT=@OLD_CHARACTER_SET_CLIENT */;
/*!40101 SET CHARACTER_SET_RESULTS=@OLD_CHARACTER_SET_RESULTS */;
/*!40101 SET COLLATION_CONNECTION=@OLD_COLLATION_CONNECTION */;
